"PassengerId","Sex","Age","SibSp","Parch","Salary","Job","AgeCategory","Ticket","Survived","Fare","Embarked","ticket class"
1,"male",22,1,0,399.69,"wigmaker","Adult","347077",1,31.3875,"S","3"
2,"female",38,1,0,3914.6,"doctor","Adult","A/5. 3336",0,16.1,"S","1"
3,"female",26,0,0,370.3,"blacksmith","Adult","STON/O2. 3101282",1,7.925,"S","3"
4,"female",35,1,0,3802.8,"surgeon","Adult","PC 17569",1,146.5208,"C","1"
5,"male",35,0,0,330.62,"barber","Adult","373450",0,8.05,"S","3"
8,"male",2,3,1,369.47,"wheelwright","Child","24160",1,211.3375,"S","3"
9,"female",27,0,2,104.32,"wheelwright","Adult","11765",1,55.4417,"C","3"
10,"female",14,1,0,1710.39,"shopkeeper","Adult","2668",0,22.3583,"C","2"
11,"female",4,1,1,196.15,"shoemaker","Child","231919",1,23,"S","3"
12,"female",58,0,0,4619.35,"hatter","Senior","113783",1,26.55,"S","1"
13,"male",20,0,0,54.04,"blacksmith","Adult","A/5. 2151",0,8.05,"S","3"
14,"male",39,1,5,299.59,"blacksmith","Adult","CA 2144",0,46.9,"S","3"
15,"female",14,0,0,173.64,"blacksmith","Adult","350406",0,7.8542,"S","3"
16,"female",55,0,0,1755.98,"breechesmaker","Senior","248706",1,16,"S","2"
17,"male",2,4,1,26.79,"barber","Child","382652",0,29.125,"Q","3"
18,"male",28,0,0,1814.47,"cutler","Adult","244373",1,13,"S","2"
19,"female",31,1,0,171.23,"barber","Adult","C.A. 2673",1,20.25,"S","3"
20,"female",28,0,0,387.53,"barber","Adult","2649",1,7.225,"C","3"
21,"male",35,0,0,576,"cabinetmaker","Adult","239865",0,26,"S","2"
23,"female",15,0,0,257.28,"shoemaker","Adult","330923",1,8.0292,"Q","3"
25,"female",8,3,1,336.37,"barber","Child","24160",1,211.3375,"S","3"
26,"female",38,1,5,80.33,"wigmaker","Adult","S.O.C. 14879",0,73.5,"S","3"
28,"male",19,3,2,2239.34,"farrier","Adult","3101295",0,39.6875,"S","1"
29,"female",28,0,0,26.02,"wheelwright","Adult","330959",1,7.8792,"Q","3"
30,"male",28,0,0,379.2,"wheelwright","Adult","349216",0,7.8958,"S","3"
31,"male",40,0,0,3453.07,"dentist","Adult","PC 17601",0,27.7208,"C","1"
32,"female",28,1,0,2083.59,"hatter","Adult","370365",0,15.5,"Q","1"
33,"female",28,0,0,214.57,"blacksmith","Adult","335677",1,7.75,"Q","3"
34,"male",66,0,0,786.02,"cutler","Senior","C.A. 24579",0,10.5,"S","2"
35,"male",28,1,0,2045.17,"farrier","Adult","248727",0,33,"S","1"
36,"male",42,1,0,4074.34,"doctor","Adult","113776",0,66.6,"S","1"
37,"male",28,0,0,377.82,"shoemaker","Adult","2677",1,7.2292,"C","3"
38,"male",21,0,0,24.46,"shoemaker","Adult","A./5. 2152",0,8.05,"S","3"
39,"female",18,2,0,141.13,"blacksmith","Adult","250651",0,26,"S","3"
40,"female",14,1,0,55.74,"blacksmith","Adult","28220",1,32.5,"S","3"
41,"female",40,1,0,17.64,"wigmaker","Adult","2668",1,22.3583,"C","3"
42,"female",27,1,0,1727.13,"coachmaker","Adult","C.A. 2315",0,20.575,"S","2"
43,"male",28,0,0,194.54,"shoemaker","Adult","349253",0,7.8958,"C","3"
44,"female",3,1,2,1716.31,"bookbinder","Child","26360",1,26,"S","2"
45,"female",19,0,0,399.93,"wheelwright","Adult","330958",1,7.8792,"Q","3"
46,"male",28,0,0,342.47,"weaver","Adult","S.C./A.4. 23567",0,8.05,"S","3"
47,"male",28,1,0,138.65,"shoemaker","Adult","19928",0,90,"Q","3"
48,"female",28,0,0,102.54,"wigmaker","Adult","14311",1,7.75,"Q","3"
49,"male",28,2,0,183.26,"weaver","Adult","230433",1,26,"S","3"
50,"female",18,1,0,251.22,"wheelwright","Adult","28664",0,21,"S","3"
51,"male",7,4,1,230.09,"barber","Child","347088",0,27.9,"S","3"
52,"male",21,0,0,31.5,"blacksmith","Adult","A/4. 39886",0,7.8,"S","3"
53,"female",49,1,0,2203.72,"surgeon","Adult","PC 17761",1,106.425,"C","1"
54,"female",29,1,0,1814.6,"coachmaker","Adult","PC 17485",1,56.9292,"C","2"
55,"male",65,0,1,3532.83,"surgeon","Senior","29750",0,39,"S","1"
56,"male",28,0,0,4630.18,"music teacher","Adult","19947",1,35.5,"S","1"
57,"female",21,0,0,953.82,"coachmaker","Adult","C.A. 31026",1,10.5,"S","2"
58,"male",28.5,0,0,30.04,"wigmaker","Adult","2697",0,7.2292,"C","3"
59,"female",5,1,2,1252.89,"cutler","Child","2662",0,21.6792,"C","2"
60,"male",11,5,2,282.87,"wheelwright","Child","347082",0,31.275,"S","3"
61,"male",22,0,0,114.73,"shoemaker","Adult","2669",0,7.2292,"C","3"
62,"female",38,0,0,2420.37,"music teacher","Adult","113572",1,80,"S","1"
63,"male",45,1,0,3859.74,"surgeon","Adult","S.O./P.P. 3",0,10.5,"S","1"
64,"male",4,3,2,270.08,"wigmaker","Child","PC 17608",1,262.375,"C","3"
65,"male",28,0,0,4867.54,"hatter","Adult","PC 17605",0,27.7208,"C","1"
66,"male",28,1,1,372.42,"barber","Adult","16966",0,134.5,"C","3"
67,"female",29,0,0,1494.93,"carpenter-joiner","Adult","C.A. 29395",1,10.5,"S","2"
68,"male",19,0,0,368.92,"blacksmith","Adult","S.P. 3464",0,8.1583,"S","3"
69,"female",17,4,2,209.74,"wigmaker","Adult","CA 2144",0,46.9,"S","3"
70,"male",26,2,0,79.06,"blacksmith","Adult","11767",1,83.1583,"C","3"
72,"female",16,5,2,227.67,"wheelwright","Adult","347082",0,31.275,"S","3"
73,"male",21,0,0,1863.25,"cabinetmaker","Adult","S.O.C. 14879",0,73.5,"S","2"
74,"male",26,1,0,338.31,"wigmaker","Adult","370129",0,20.2125,"S","3"
75,"male",32,0,0,206.08,"wigmaker","Adult","1601",1,56.4958,"S","3"
76,"male",25,0,0,297.68,"blacksmith","Adult","348123",0,7.65,"S","3"
77,"male",28,0,0,57.64,"blacksmith","Adult","349208",0,7.8958,"S","3"
78,"male",28,0,0,390.72,"barber","Adult","374746",0,8.05,"S","3"
79,"male",0.83,0,2,1307.67,"carpenter-joiner","Child","A/4 48871",0,24.15,"S","2"
80,"female",30,0,0,46.5,"blacksmith","Adult","364516",1,12.475,"S","3"
81,"male",22,0,0,52.11,"barber","Adult","345767",0,9,"S","3"
82,"male",29,0,0,131.14,"weaver","Adult","345779",1,9.5,"S","3"
83,"female",28,0,0,382.21,"barber","Adult","330932",1,7.7875,"Q","3"
84,"male",28,0,0,2631.26,"dentist","Adult","113059",0,47.1,"S","1"
85,"female",17,0,0,1057.37,"cabinetmaker","Adult","SO/C 14885",1,10.5,"S","2"
86,"female",33,3,0,391.57,"weaver","Adult","349909",0,21.075,"S","3"
87,"male",16,1,3,390.14,"blacksmith","Adult","W./C. 6608",0,34.375,"S","3"
88,"male",28,0,0,86.53,"wigmaker","Adult","SOTON/OQ 392086",0,8.05,"S","3"
89,"female",23,3,2,2353.08,"farrier","Adult","3101295",0,39.6875,"S","1"
90,"male",24,0,0,88.5,"wheelwright","Adult","343275",0,8.05,"S","3"
91,"male",29,0,0,332.56,"weaver","Adult","343276",0,8.05,"S","3"
92,"male",20,0,0,289.14,"wigmaker","Adult","347466",0,7.8542,"S","3"
93,"male",46,1,0,3095.11,"hatter","Adult","364516",1,12.475,"S","1"
94,"male",26,1,2,56.18,"wheelwright","Adult","113781",1,151.55,"S","3"
95,"male",59,0,0,11.52,"barber","Senior","364500",0,7.25,"S","3"
96,"male",28,0,0,26.22,"blacksmith","Adult","374910",0,8.05,"S","3"
97,"male",71,0,0,2879.98,"farrier","Senior","PC 17754",0,34.6542,"C","1"
98,"male",23,0,1,3707.6,"hatter","Adult","PC 17611",1,133.65,"S","1"
99,"female",34,0,1,975.64,"carpenter-joiner","Adult","C.A. 31921",1,26.25,"S","2"
100,"male",34,1,0,714.76,"bookbinder","Adult","13507",0,55.9,"S","2"
101,"female",28,0,0,123.57,"wigmaker","Adult","349245",0,7.8958,"S","3"
102,"male",28,0,0,84.82,"barber","Adult","349215",0,7.8958,"S","3"
103,"male",21,0,1,4334.35,"dentist","Adult","CA 31352",0,21,"S","1"
104,"male",33,0,0,237.49,"wheelwright","Adult","7540",0,8.6542,"S","3"
105,"male",37,2,0,234.64,"blacksmith","Adult","112378",1,59.4,"C","3"
106,"male",28,0,0,152.2,"weaver","Adult","349207",0,7.8958,"S","3"
107,"female",21,0,0,265.55,"blacksmith","Adult","343120",1,7.65,"S","3"
108,"male",28,0,0,176.11,"blacksmith","Adult","312991",1,7.775,"S","3"
109,"male",38,0,0,341.7,"wigmaker","Adult","349249",0,7.8958,"S","3"
110,"female",28,1,0,114.01,"shoemaker","Adult","2659",0,14.4542,"C","3"
111,"male",47,0,0,4203.55,"goldsmith","Adult","110465",0,52,"S","1"
112,"female",14.5,1,0,244.13,"shoemaker","Adult","PC 17558",0,247.5208,"C","3"
114,"female",20,1,0,114.16,"barber","Adult","13236",0,57.75,"C","3"
115,"female",17,0,0,137.93,"barber","Adult","2627",0,14.4583,"C","3"
117,"male",70.5,0,0,322.9,"blacksmith","Senior","370369",0,7.75,"Q","3"
118,"male",29,1,0,1669.01,"cabinetmaker","Adult","C.A. 2315",0,20.575,"S","2"
119,"male",24,0,1,2217.09,"pharmacist","Adult","3101298",1,12.2875,"S","1"
120,"female",2,4,2,308.14,"weaver","Child","CA 2144",0,46.9,"S","3"
121,"male",21,2,0,888.5,"carpenter-joiner","Adult","113796",0,42.4,"S","2"
122,"male",28,0,0,70.92,"wheelwright","Adult","A4. 54510",0,8.05,"S","3"
123,"male",32.5,1,0,1143.54,"shopkeeper","Adult","2668",0,22.3583,"C","2"
124,"female",32.5,0,0,604.99,"bookbinder","Adult","27267",1,13,"S","2"
125,"male",54,0,1,4492.23,"dentist","Senior","CA 31352",0,21,"S","1"
126,"male",12,1,0,395.4,"weaver","Adult","28220",1,32.5,"S","3"
127,"male",28,0,0,142.54,"wheelwright","Adult","370372",0,7.75,"Q","3"
128,"male",24,0,0,394.82,"wheelwright","Adult","C 17369",1,7.1417,"S","3"
129,"female",28,1,1,262.75,"wheelwright","Adult","19950",0,263,"S","3"
131,"male",33,0,0,21.81,"blacksmith","Adult","349241",0,7.8958,"C","3"
132,"male",20,0,0,142.64,"weaver","Adult","SOTON/O.Q. 3101307",0,7.05,"S","3"
133,"female",47,1,0,56.77,"weaver","Adult","35273",0,113.275,"C","3"
135,"male",25,0,0,1266.33,"bookbinder","Adult","C.A. 29178",0,13,"S","2"
136,"male",23,0,0,956.81,"hatter","Adult","SC/PARIS 2133",0,15.0458,"C","2"
137,"female",19,0,2,2006.92,"goldsmith","Adult","19877",1,78.85,"S","1"
138,"male",37,1,0,3392.21,"surgeon","Adult","PC 17569",1,146.5208,"C","1"
139,"male",16,0,0,224.16,"barber","Adult","7534",0,9.2167,"S","3"
140,"male",24,0,0,3120.39,"surgeon","Adult","PC 17593",0,79.2,"C","1"
142,"female",22,0,0,2.43,"blacksmith","Adult","347081",1,7.75,"S","3"
143,"female",24,1,0,219.26,"weaver","Adult","PC 17757",0,227.525,"C","3"
144,"male",19,0,0,355.53,"weaver","Adult","365222",0,6.75,"Q","3"
145,"male",18,0,0,523.88,"shopkeeper","Adult","231945",0,11.5,"S","2"
146,"male",19,1,1,1842.16,"silversmith","Adult","19928",1,90,"Q","2"
147,"male",27,0,0,169.35,"blacksmith","Adult","350043",1,7.7958,"S","3"
148,"female",9,2,2,383.07,"blacksmith","Child","W./C. 6608",0,34.375,"S","3"
149,"male",36.5,0,2,1539.73,"shopkeeper","Adult","17463",0,51.8625,"S","2"
150,"male",42,0,0,931.42,"coachmaker","Adult","244310",0,13,"S","2"
151,"male",51,0,0,455.87,"shopkeeper","Senior","S.O.P. 1166",0,12.525,"S","3"
152,"female",22,1,0,2850.71,"farrier","Adult","3101295",1,39.6875,"S","1"
153,"male",55.5,0,0,370.95,"blacksmith","Senior","A.5. 11206",0,8.05,"S","3"
154,"male",40.5,0,2,216.44,"shoemaker","Adult","2651",1,11.2417,"C","3"
155,"male",28,0,0,271.41,"wheelwright","Adult","Fa 265302",0,7.3125,"S","3"
156,"male",51,0,1,3785.84,"hatter","Senior","LINE",1,0,"S","1"
157,"female",16,0,0,165.69,"weaver","Adult","35851",1,7.7333,"Q","3"
158,"male",30,0,0,200.11,"wigmaker","Adult","SOTON/OQ 392090",0,8.05,"S","3"
159,"male",28,0,0,147.76,"blacksmith","Adult","315037",0,8.6625,"S","3"
160,"male",28,8,2,269.72,"blacksmith","Adult","CA. 2343",0,69.55,"S","3"
161,"male",44,0,1,340.57,"wheelwright","Adult","54636",0,16.1,"S","3"
162,"female",40,0,0,1508.76,"shopkeeper","Adult","C.A. 33595",1,15.75,"S","2"
163,"male",26,0,0,90.64,"blacksmith","Adult","347068",0,7.775,"S","3"
164,"male",17,0,0,122.05,"blacksmith","Adult","315093",0,8.6625,"S","3"
165,"male",1,4,1,127,"shoemaker","Child","347088",0,27.9,"S","3"
166,"male",9,0,2,231.23,"wheelwright","Child","112058",0,0,"S","3"
167,"female",28,0,1,2067.56,"goldsmith","Adult","36947",1,78.2667,"C","1"
168,"female",45,1,4,343.81,"wheelwright","Adult","PC 17608",1,262.375,"C","3"
169,"male",28,0,0,2971.64,"music teacher","Adult","PC 17318",0,25.925,"S","1"
170,"male",28,0,0,15.38,"wheelwright","Adult","1601",0,56.4958,"S","3"
172,"male",4,4,1,245.3,"blacksmith","Child","382652",0,29.125,"Q","3"
173,"female",1,1,1,91.87,"wigmaker","Child","11765",1,55.4417,"C","3"
174,"male",21,0,0,54.74,"weaver","Adult","STON/O 2. 3101280",0,7.925,"S","3"
175,"male",56,0,0,2372.13,"hatter","Senior","17764",0,30.6958,"C","1"
176,"male",18,1,1,287.14,"shoemaker","Adult","11813",1,76.2917,"C","3"
177,"male",28,3,1,231.78,"blacksmith","Adult","230136",1,39,"S","3"
178,"female",50,0,0,2788.63,"pharmacist","Senior","PC 17595",0,28.7125,"C","1"
179,"male",30,0,0,1346.42,"shopkeeper","Adult","250653",0,13,"S","2"
182,"male",28,0,0,679.02,"carpenter-joiner","Adult","SC/PARIS 2131",0,15.05,"C","2"
183,"male",9,4,2,20.83,"blacksmith","Child","S.O.C. 14879",0,73.5,"S","3"
184,"male",1,2,1,1398.64,"cabinetmaker","Child","PC 17755",1,512.3292,"C","2"
185,"female",4,0,2,184.12,"wheelwright","Child","11769",1,51.4792,"S","3"
186,"male",28,0,0,3605.68,"hatter","Adult","113767",0,50,"S","1"
187,"female",28,1,0,15.15,"blacksmith","Adult","29103",0,23,"S","3"
188,"male",45,0,0,4004.27,"dentist","Adult","111428",1,26.55,"S","1"
189,"male",40,1,1,335.85,"wheelwright","Adult","367226",1,23.25,"Q","3"
190,"male",36,0,0,386.57,"weaver","Adult","349247",0,7.8958,"S","3"
191,"female",32,0,0,1693.72,"breechesmaker","Adult","234604",1,13,"S","2"
192,"male",19,0,0,1418.23,"coachmaker","Adult","28424",0,13,"S","2"
193,"female",19,1,0,11.88,"wigmaker","Adult","2689",0,14.4583,"C","3"
194,"male",3,1,1,1822.12,"coachmaker","Child","17463",0,51.8625,"S","2"
195,"female",44,0,0,4302.54,"hatter","Adult","PC 17610",1,27.7208,"C","1"
196,"female",58,0,0,4136.26,"music teacher","Senior","PC 17569",1,146.5208,"C","1"
197,"male",28,0,0,239.02,"wheelwright","Adult","368703",0,7.75,"Q","3"
198,"male",42,0,1,311.4,"weaver","Adult","2926",0,26,"S","3"
199,"female",28,0,0,235.58,"blacksmith","Adult","370370",1,7.75,"Q","3"
200,"female",24,0,0,1885.55,"hatter","Adult","248747",0,13,"S","2"
201,"male",28,0,0,13.09,"weaver","Adult","345770",0,9.5,"S","3"
202,"male",28,8,2,14.56,"shoemaker","Adult","CA. 2343",0,69.55,"S","3"
204,"male",45.5,0,0,278.69,"blacksmith","Adult","2628",0,7.225,"C","3"
205,"male",18,0,0,351,"shoemaker","Adult","A/5 3540",1,8.05,"S","3"
206,"female",2,0,1,266.65,"barber","Child","386525",0,16.1,"S","3"
207,"male",32,1,0,26.25,"wheelwright","Adult","29105",1,23,"S","3"
208,"male",26,0,0,177.46,"wheelwright","Adult","2699",1,18.7875,"C","3"
209,"female",16,0,0,380.22,"wigmaker","Adult","367231",1,7.75,"Q","3"
210,"male",40,0,0,4843.77,"doctor","Adult","112277",1,31,"C","1"
211,"male",24,0,0,67.25,"barber","Adult","SOTON/O.Q. 3101311",0,7.05,"S","3"
212,"female",35,0,0,528.79,"cutler","Adult","F.C.C. 13528",1,21,"S","2"
213,"male",22,0,0,177.65,"blacksmith","Adult","A/5 21174",0,7.25,"S","3"
214,"male",30,0,0,1679.86,"shopkeeper","Adult","250646",0,13,"S","2"
215,"male",28,1,0,135.34,"wheelwright","Adult","17464",0,51.8625,"S","3"
216,"female",31,1,0,2508.4,"doctor","Adult","2699",0,18.7875,"C","1"
218,"male",42,1,0,1316.35,"breechesmaker","Adult","11778",0,55.4417,"C","2"
219,"female",32,0,0,3090.12,"goldsmith","Adult","11813",1,76.2917,"C","1"
221,"male",16,0,0,281.3,"weaver","Adult","SOTON/OQ 392089",1,8.05,"S","3"
222,"male",27,0,0,1282.17,"coachmaker","Adult","220367",0,13,"S","2"
223,"male",51,0,0,14.02,"wigmaker","Senior","21440",0,8.05,"S","3"
224,"male",28,0,0,59.88,"weaver","Adult","349234",0,7.8958,"S","3"
225,"male",38,1,0,3248.23,"music teacher","Adult","113798",0,31,"S","1"
226,"male",22,0,0,48.1,"barber","Adult","PP 4348",0,9.35,"S","3"
227,"male",19,0,0,1421.1,"coachmaker","Adult","SW/PP 751",1,10.5,"S","2"
228,"male",20.5,0,0,48.55,"blacksmith","Adult","A/5 21173",0,7.25,"S","3"
229,"male",18,0,0,694.37,"bookbinder","Adult","236171",0,13,"S","2"
230,"female",28,3,1,343.86,"weaver","Adult","230136",1,39,"S","3"
231,"female",35,1,0,3473.48,"doctor","Adult","S.O./P.P. 3",0,10.5,"S","1"
232,"male",29,0,0,81.76,"shoemaker","Adult","347067",0,7.775,"S","3"
233,"male",59,0,0,414.49,"cutler","Senior","237442",0,13.5,"S","3"
234,"female",5,4,2,275.62,"barber","Child","S.O.C. 14879",0,73.5,"S","3"
235,"male",24,0,0,1658.61,"coachmaker","Adult","C.A. 29566",0,10.5,"S","2"
236,"female",28,0,0,293.56,"barber","Adult","W./C. 6609",0,7.55,"S","3"
237,"male",44,1,0,1087.02,"bookbinder","Adult","113773",0,53.1,"S","2"
238,"female",8,0,2,1930.13,"shopkeeper","Child","C 4001",0,22.525,"S","2"
239,"male",19,0,0,467.98,"cutler","Adult","28665",0,10.5,"S","3"
240,"male",33,0,0,984.7,"cutler","Adult","SCO/W 1585",0,12.275,"S","2"
241,"female",28,1,0,75.37,"barber","Adult","PC 17558",0,247.5208,"C","3"
242,"female",28,1,0,233.98,"wigmaker","Adult","2660",0,14.4542,"C","3"
243,"male",29,0,0,727.06,"breechesmaker","Adult","W./C. 14263",0,10.5,"S","2"
245,"male",30,0,0,145.46,"barber","Adult","2694",0,7.225,"C","3"
246,"male",44,2,0,2242.42,"surgeon","Adult","13567",1,79.2,"C","1"
247,"female",25,0,0,366.2,"weaver","Adult","347071",0,7.775,"S","3"
249,"male",37,1,1,4844.73,"farrier","Adult","345773",0,24.15,"S","1"
250,"male",54,1,0,457.25,"shopkeeper","Senior","358585",0,14.5,"S","3"
251,"male",28,0,0,353.81,"shoemaker","Adult","362316",0,7.25,"S","3"
252,"female",29,1,1,367.89,"blacksmith","Adult","239865",0,26,"S","3"
253,"male",62,0,0,2230.79,"apothecary","Senior","113514",0,26.55,"S","1"
254,"male",30,1,0,230.43,"blacksmith","Adult","228414",0,26,"S","3"
255,"female",41,0,2,187.38,"shoemaker","Adult","230080",1,26,"S","3"
256,"female",29,0,2,305.05,"blacksmith","Adult","250644",1,19.5,"S","3"
257,"female",28,0,0,3467.62,"pharmacist","Adult","PC 17585",1,79.2,"C","1"
258,"female",30,0,0,3940.66,"goldsmith","Adult","110152",1,86.5,"S","1"
259,"female",35,0,0,3647.83,"farrier","Adult","PC 17755",1,512.3292,"C","1"
260,"female",50,0,1,1247.82,"shopkeeper","Senior","3101278",0,15.85,"S","2"
262,"male",3,4,2,225.53,"blacksmith","Child","S.O.C. 14879",0,73.5,"S","3"
263,"male",52,1,1,4406.4,"music teacher","Senior","244252",0,26,"S","1"
264,"male",40,0,0,3589.14,"doctor","Adult","112059",0,0,"S","1"
266,"male",36,0,0,1598.68,"bookbinder","Adult","C.A. 17248",0,10.5,"S","2"
267,"male",16,4,1,105.28,"blacksmith","Adult","347088",0,27.9,"S","3"
268,"male",25,1,0,371.78,"barber","Adult","315153",0,22.025,"S","3"
269,"female",58,0,1,4258.46,"farrier","Senior","PC 17608",0,262.375,"C","1"
270,"female",35,0,0,4816.2,"goldsmith","Adult","PC 17760",1,135.6333,"S","1"
271,"male",28,0,0,2146.97,"dentist","Adult","113798",0,31,"S","1"
272,"male",25,0,0,251.68,"blacksmith","Adult","LINE",1,0,"S","3"
273,"female",41,0,1,962.74,"cabinetmaker","Adult","244367",0,26,"S","2"
274,"male",37,0,1,2586.68,"music teacher","Adult","26707",0,26,"S","1"
275,"female",28,0,0,218.32,"barber","Adult","370375",1,7.75,"Q","3"
276,"female",63,1,0,2400.4,"apothecary","Senior","28220",0,32.5,"S","1"
277,"female",45,0,0,192.91,"shoemaker","Adult","347073",0,7.75,"S","3"
278,"male",28,0,0,676.35,"carpenter-joiner","Adult","239853",0,0,"S","2"
279,"male",7,4,1,381.62,"wigmaker","Child","382652",0,29.125,"Q","3"
280,"female",35,1,1,131.28,"weaver","Adult","2678",0,15.2458,"C","3"
281,"male",65,0,0,276.26,"wigmaker","Senior","336439",0,7.75,"Q","3"
282,"male",28,0,0,109.53,"wheelwright","Adult","347464",0,7.8542,"S","3"
283,"male",16,0,0,163.18,"shoemaker","Adult","345778",0,9.5,"S","3"
284,"male",19,0,0,109.98,"shoemaker","Adult","A/5. 10482",1,8.05,"S","3"
285,"male",28,0,0,2769.2,"music teacher","Adult","113056",0,26,"S","1"
286,"male",33,0,0,259.93,"wheelwright","Adult","349239",0,8.6625,"C","3"
287,"male",30,0,0,366.93,"blacksmith","Adult","345774",1,9.5,"S","3"
288,"male",22,0,0,298.34,"shoemaker","Adult","349206",0,7.8958,"S","3"
289,"male",42,0,0,1540.89,"shopkeeper","Adult","237798",1,13,"S","2"
290,"female",22,0,0,156.31,"wigmaker","Adult","370373",1,7.75,"Q","3"
291,"female",26,0,0,2484.12,"dentist","Adult","19877",1,78.85,"S","1"
292,"female",19,1,0,4790.02,"pharmacist","Adult","345763",0,18,"S","1"
293,"male",36,0,0,994.94,"silversmith","Adult","SC/Paris 2163",0,12.875,"C","2"
294,"female",24,0,0,270.36,"shoemaker","Adult","349236",0,8.85,"S","3"
295,"male",24,0,0,192.74,"blacksmith","Adult","349233",0,7.8958,"S","3"
296,"male",28,0,0,4243.61,"farrier","Adult","PC 17612",0,27.7208,"C","1"
297,"male",23.5,0,0,379.09,"wigmaker","Adult","2693",0,7.2292,"C","3"
298,"female",2,1,2,3982.36,"music teacher","Child","347077",0,31.3875,"S","1"
299,"male",28,0,0,3886.88,"surgeon","Adult","19988",1,30.5,"S","1"
300,"female",50,0,1,3971.86,"hatter","Senior","3101298",1,12.2875,"S","1"
301,"female",28,0,0,11.91,"blacksmith","Adult","9234",1,7.75,"Q","3"
302,"male",28,2,0,112.22,"shoemaker","Adult","13050",0,75.2417,"C","3"
303,"male",19,0,0,344.74,"barber","Adult","LINE",0,0,"S","3"
304,"female",28,0,0,867,"carpenter-joiner","Adult","226593",1,12.35,"Q","2"
305,"male",28,0,0,275.43,"shoemaker","Adult","A/5 2466",0,8.05,"S","3"
306,"male",0.92,1,2,3996,"hatter","Child","347077",0,31.3875,"S","1"
307,"female",28,0,0,4767.64,"dentist","Adult","17421",1,110.8833,"C","1"
308,"female",17,1,0,3798.58,"apothecary","Adult","31027",0,21,"S","1"
309,"male",30,1,0,1380.41,"carpenter-joiner","Adult","2665",0,14.4542,"C","2"
310,"female",30,0,0,2710.19,"surgeon","Adult","PC 17485",1,56.9292,"C","1"
312,"female",18,2,2,2234.72,"hatter","Adult","2666",1,19.2583,"C","1"
313,"female",26,1,1,753.04,"bookbinder","Adult","11967",1,91.0792,"C","2"
314,"male",28,0,0,123.34,"shoemaker","Adult","349243",0,7.8958,"S","3"
315,"male",43,1,1,1441.51,"silversmith","Adult","113572",1,80,"S","2"
316,"female",26,0,0,224.78,"wheelwright","Adult","347470",1,7.8542,"S","3"
317,"female",24,1,0,1745.42,"cutler","Adult","13507",0,55.9,"S","2"
318,"male",54,0,0,1963.78,"breechesmaker","Senior","29011",0,14,"S","2"
319,"female",31,0,2,3517.04,"farrier","Adult","2627",0,14.4583,"C","1"
320,"female",40,1,1,2517.21,"surgeon","Adult","239853",0,0,"S","1"
321,"male",22,0,0,278.28,"wheelwright","Adult","A/5 21172",0,7.25,"S","3"
322,"male",27,0,0,54.47,"blacksmith","Adult","349219",0,7.8958,"S","3"
323,"female",30,0,0,1141.49,"bookbinder","Adult","234818",1,12.35,"Q","2"
324,"female",22,1,1,1405.27,"bookbinder","Adult","A/4 48871",0,24.15,"S","2"
325,"male",28,8,2,79.74,"blacksmith","Adult","CA. 2343",0,69.55,"S","3"
326,"female",36,0,0,2040.82,"dentist","Adult","PC 17760",1,135.6333,"C","1"
327,"male",61,0,0,257.89,"barber","Senior","345364",0,6.2375,"S","3"
329,"female",31,1,1,120.82,"wigmaker","Adult","112058",0,0,"S","3"
330,"female",16,0,1,3639.96,"farrier","Adult","110413",0,79.65,"S","1"
331,"female",28,2,0,242,"weaver","Adult","13050",0,75.2417,"C","3"
333,"male",38,0,1,2897.86,"goldsmith","Adult","PC 17608",0,262.375,"C","1"
334,"male",16,2,0,399.51,"barber","Adult","250651",0,26,"S","3"
335,"female",28,1,0,4002.83,"dentist","Adult","PC 17558",1,247.5208,"C","1"
336,"male",28,0,0,169.86,"wigmaker","Adult","349225",0,7.8958,"S","3"
337,"male",29,1,0,4536.83,"pharmacist","Adult","3101295",1,39.6875,"S","1"
339,"male",45,0,0,207.72,"blacksmith","Adult","7598",1,8.05,"S","3"
340,"male",45,0,0,2510.68,"goldsmith","Adult","113784",0,35.5,"S","1"
341,"male",2,1,1,1570.72,"cabinetmaker","Child","17463",0,51.8625,"S","2"
342,"female",24,3,2,4370.75,"doctor","Adult","3101295",0,39.6875,"S","1"
343,"male",28,0,0,786.48,"bookbinder","Adult","248740",0,13,"S","2"
344,"male",25,0,0,789.42,"carpenter-joiner","Adult","244361",0,13,"S","2"
345,"male",36,0,0,1514.69,"carpenter-joiner","Adult","229236",0,13,"S","2"
346,"female",24,0,0,925.46,"coachmaker","Adult","248733",1,13,"S","2"
347,"female",40,0,0,1208.01,"coachmaker","Adult","31418",1,13,"S","2"
348,"female",28,1,0,86.51,"wheelwright","Adult","C.A. 2315",1,20.575,"S","3"
349,"male",3,1,1,125.85,"wheelwright","Child","C.A. 34651",1,27.75,"S","3"
350,"male",42,0,0,312.65,"weaver","Adult","315088",0,8.6625,"S","3"
351,"male",23,0,0,160.19,"blacksmith","Adult","7267",0,9.225,"S","3"
352,"male",28,0,0,4408.95,"surgeon","Adult","113510",0,35,"S","1"
353,"male",15,1,1,318.76,"blacksmith","Adult","W./C. 6607",0,23.45,"S","3"
354,"male",25,1,0,306.72,"barber","Adult","28664",0,21,"S","3"
355,"male",28,0,0,124.97,"blacksmith","Adult","2647",0,7.225,"C","3"
356,"male",28,0,0,23.8,"wheelwright","Adult","345783",0,9.5,"S","3"
357,"female",22,0,1,4191.53,"farrier","Adult","347054",0,10.4625,"S","1"
358,"female",38,0,0,809.97,"shopkeeper","Adult","237671",0,13,"S","2"
360,"female",28,0,0,298.28,"wigmaker","Adult","330980",1,7.8792,"Q","3"
361,"male",40,1,4,316.67,"blacksmith","Adult","PC 17608",1,262.375,"C","3"
362,"male",29,1,0,1916.74,"shopkeeper","Adult","PC 17582",0,153.4625,"S","2"
363,"female",45,0,1,189.1,"blacksmith","Adult","29750",1,39,"S","3"
364,"male",35,0,0,66.76,"weaver","Adult","SOTON/O.Q. 3101310",0,7.05,"S","3"
365,"male",28,1,0,11.45,"wheelwright","Adult","29103",0,23,"S","3"
366,"male",30,0,0,58.93,"blacksmith","Adult","C 7076",0,7.25,"S","3"
367,"female",60,1,0,2597.5,"hatter","Senior","C.A. 33112",0,36.75,"S","1"
368,"female",28,0,0,359.64,"blacksmith","Adult","2626",1,7.2292,"C","3"
369,"female",28,0,0,149.76,"barber","Adult","14313",1,7.75,"Q","3"
370,"female",24,0,0,3665.62,"doctor","Adult","PC 17477",1,69.3,"C","1"
371,"male",25,1,0,4758.63,"dentist","Adult","PC 17760",1,135.6333,"C","1"
373,"male",19,0,0,342.54,"blacksmith","Adult","323951",0,8.05,"S","3"
374,"male",22,0,0,2461.77,"hatter","Adult","PC 17760",0,135.6333,"C","1"
375,"female",3,3,1,223.6,"wheelwright","Child","24160",1,211.3375,"S","3"
376,"female",28,1,0,3928.86,"pharmacist","Adult","248727",0,33,"S","1"
378,"male",27,0,2,2684.64,"pharmacist","Adult","2650",1,15.2458,"C","1"
379,"male",20,0,0,48.78,"barber","Adult","2648",0,4.0125,"C","3"
380,"male",19,0,0,150.35,"weaver","Adult","347069",0,7.775,"S","3"
381,"female",42,0,0,4347.08,"apothecary","Adult","PC 17757",1,227.525,"C","1"
382,"female",1,0,2,36.51,"blacksmith","Child","17453",1,89.1042,"C","3"
383,"male",32,0,0,211.63,"weaver","Adult","STON/O 2. 3101293",0,7.925,"S","3"
384,"female",35,1,0,2448.69,"doctor","Adult","113776",0,66.6,"S","1"
386,"male",18,0,0,508.3,"shopkeeper","Adult","S.O.C. 14879",0,73.5,"S","2"
387,"male",1,5,2,368.8,"wigmaker","Child","347082",0,31.275,"S","3"
388,"female",36,0,0,400.98,"breechesmaker","Adult","27849",1,13,"S","3"
390,"female",17,0,0,1313.94,"cabinetmaker","Adult","SC 1748",1,12,"C","2"
391,"male",36,1,2,2171.57,"dentist","Adult","110152",1,86.5,"S","1"
392,"male",21,0,0,174.07,"wheelwright","Adult","350034",1,7.7958,"S","3"
393,"male",28,2,0,35.07,"blacksmith","Adult","112378",1,59.4,"C","3"
394,"female",23,1,0,4182.92,"dentist","Adult","2699",0,18.7875,"C","1"
395,"female",24,0,2,19.21,"shoemaker","Adult","231919",1,23,"S","3"
396,"male",22,0,0,103.49,"wheelwright","Adult","350052",0,7.7958,"S","3"
397,"female",31,0,0,218.5,"wigmaker","Adult","350407",0,7.8542,"S","3"
398,"male",46,0,0,1340.47,"silversmith","Adult","28403",0,26,"S","2"
399,"male",23,0,0,895.08,"breechesmaker","Adult","244278",0,10.5,"S","2"
400,"female",28,0,0,1115.4,"breechesmaker","Adult","240929",1,12.65,"S","2"
401,"male",39,0,0,352.04,"wheelwright","Adult","STON/O 2. 3101289",1,7.925,"S","3"
403,"female",21,1,0,165.01,"wigmaker","Adult","13236",0,57.75,"C","3"
404,"male",28,1,0,115.79,"blacksmith","Adult","PC 17757",0,227.525,"C","3"
405,"female",20,0,0,91.91,"barber","Adult","315096",0,8.6625,"S","3"
406,"male",34,1,0,1674.22,"silversmith","Adult","PC 17582",1,153.4625,"S","2"
407,"male",51,0,0,369.64,"wheelwright","Senior","347064",0,7.75,"S","3"
408,"male",3,1,1,1211.48,"bookbinder","Child","220845",0,65,"S","2"
409,"male",21,0,0,44.31,"blacksmith","Adult","312992",0,7.775,"S","3"
410,"female",28,3,1,295.46,"barber","Adult","230136",1,39,"S","3"
412,"male",28,0,0,258.66,"wheelwright","Adult","394140",0,6.8583,"Q","3"
413,"female",33,1,0,3197.7,"doctor","Adult","248738",0,29,"S","1"
415,"male",44,0,0,302.86,"blacksmith","Adult","STON/O 2. 3101269",1,7.925,"S","3"
416,"female",28,0,0,241,"wheelwright","Adult","343095",0,8.05,"S","3"
417,"female",34,1,1,1722.3,"cutler","Adult","SC/Paris 2123",1,41.5792,"C","2"
418,"female",18,0,2,1800.51,"hatter","Adult","237789",1,30,"S","2"
419,"male",30,0,0,1084.73,"cutler","Adult","28228",0,13,"S","2"
420,"female",10,0,2,97.71,"wigmaker","Child","250647",0,13,"S","3"
421,"male",28,0,0,314.44,"blacksmith","Adult","349254",0,7.8958,"C","3"
422,"male",21,0,0,367.11,"wheelwright","Adult","A/5. 13032",0,7.7333,"Q","3"
423,"male",29,0,0,148.83,"weaver","Adult","315082",0,7.875,"S","3"
424,"female",28,1,1,267.64,"wheelwright","Adult","LINE",0,0,"S","3"
425,"male",18,1,1,209.46,"blacksmith","Adult","230080",1,26,"S","3"
426,"male",28,0,0,64.48,"wigmaker","Adult","A/4. 34244",0,7.25,"S","3"
427,"female",28,1,0,1657.54,"breechesmaker","Adult","392096",1,12.475,"S","2"
428,"female",19,0,0,1220.92,"cutler","Adult","250655",1,26,"S","2"
429,"male",28,0,0,203.61,"barber","Adult","364851",0,7.75,"Q","3"
430,"male",32,0,0,213.95,"weaver","Adult","SOTON/O.Q. 392078",1,8.05,"S","3"
431,"male",28,0,0,4002.21,"doctor","Adult","110564",1,26.55,"S","1"
432,"female",28,1,0,169.99,"wigmaker","Adult","7534",0,9.2167,"S","3"
433,"female",42,1,0,1182.58,"carpenter-joiner","Adult","230080",0,26,"S","2"
434,"male",17,0,0,72.51,"barber","Adult","STON/O 2. 3101274",0,7.125,"S","3"
435,"male",50,1,0,4504.42,"doctor","Senior","36928",0,164.8667,"S","1"
436,"female",14,1,2,4850.91,"apothecary","Adult","110152",1,86.5,"S","1"
437,"female",21,2,2,145.9,"barber","Adult","W./C. 6608",0,34.375,"S","3"
438,"female",24,2,3,879.27,"carpenter-joiner","Adult","1601",1,56.4958,"S","2"
439,"male",64,1,4,2761.53,"doctor","Senior","3101295",0,39.6875,"S","1"
440,"male",31,0,0,545.1,"carpenter-joiner","Adult","C.A. 18723",0,10.5,"S","2"
441,"female",45,1,1,829.45,"carpenter-joiner","Adult","113572",1,80,"S","2"
442,"male",20,0,0,61.46,"wigmaker","Adult","345769",0,9.5,"S","3"
443,"male",25,1,0,339.86,"blacksmith","Adult","33638",0,81.8583,"S","3"
444,"female",28,0,0,1667.18,"hatter","Adult","230434",1,13,"S","2"
445,"male",28,0,0,166.43,"wheelwright","Adult","65306",1,8.1125,"S","3"
446,"male",4,0,2,4592.14,"apothecary","Child","PC 17757",1,227.525,"C","1"
447,"female",13,0,1,1496.96,"carpenter-joiner","Adult","244367",0,26,"S","2"
448,"male",34,0,0,3395.7,"pharmacist","Adult","113794",1,26.55,"S","1"
449,"female",5,2,1,212.11,"blacksmith","Child","4133",0,25.4667,"S","3"
451,"male",36,1,2,1830.04,"cutler","Adult","2662",0,21.6792,"C","2"
452,"male",28,1,0,323.57,"blacksmith","Adult","PC 17756",1,83.1583,"C","3"
453,"male",30,0,0,4854.28,"music teacher","Adult","113051",0,27.75,"C","1"
454,"male",49,1,0,4297.36,"goldsmith","Adult","PC 17597",0,61.3792,"C","1"
455,"male",28,0,0,93.82,"wigmaker","Adult","A/5 2817",0,8.05,"S","3"
458,"female",28,1,0,4643.96,"pharmacist","Adult","13695",0,60,"S","1"
459,"female",50,0,0,1080.34,"bookbinder","Senior","F.C.C. 13531",1,10.5,"S","2"
460,"male",28,0,0,33.91,"blacksmith","Adult","371060",0,7.75,"Q","3"
461,"male",48,0,0,4017.8,"pharmacist","Adult","19952",1,26.55,"S","1"
462,"male",34,0,0,128.8,"barber","Adult","364506",0,8.05,"S","3"
463,"male",47,0,0,4241.9,"doctor","Adult","111320",0,38.5,"S","1"
464,"male",48,0,0,1131.21,"cabinetmaker","Adult","234360",0,13,"S","2"
465,"male",28,0,0,172.55,"blacksmith","Adult","A/S 2816",0,8.05,"S","3"
466,"male",38,0,0,139.53,"wheelwright","Adult","SOTON/O.Q. 3101306",0,7.05,"S","3"
467,"male",28,0,0,1436.33,"breechesmaker","Adult","239853",0,0,"S","2"
468,"male",56,0,0,3258.31,"apothecary","Senior","113792",0,26.55,"S","1"
469,"male",28,0,0,77.03,"shoemaker","Adult","36209",0,7.725,"Q","3"
470,"female",0.75,2,1,165.77,"shoemaker","Child","4133",0,25.4667,"S","3"
472,"male",38,0,0,349.33,"shoemaker","Adult","315089",0,8.6625,"S","3"
473,"female",33,1,2,910.32,"cabinetmaker","Adult","2662",0,21.6792,"C","2"
474,"female",23,0,0,675.27,"cabinetmaker","Adult","SC/AH Basle 541",1,13.7917,"C","2"
475,"female",22,0,0,23.56,"blacksmith","Adult","7553",0,9.8375,"S","3"
476,"male",28,0,0,4908.2,"pharmacist","Adult","110465",0,52,"S","1"
477,"male",34,1,0,1495.01,"shopkeeper","Adult","349910",0,15.55,"S","2"
478,"male",29,1,0,170.19,"shoemaker","Adult","347077",1,31.3875,"S","3"
480,"female",2,0,1,14.91,"wheelwright","Child","113503",1,211.5,"C","3"
481,"male",9,5,2,306.46,"blacksmith","Child","347082",0,31.275,"S","3"
482,"male",28,0,0,1914.09,"cabinetmaker","Adult","239854",0,0,"S","2"
483,"male",50,0,0,224.7,"weaver","Senior","A/5 3594",0,8.05,"S","3"
484,"female",63,0,0,200.85,"blacksmith","Senior","4134",1,9.5875,"S","3"
485,"male",25,1,0,4731.85,"pharmacist","Adult","345763",0,18,"S","1"
486,"female",28,3,1,112.15,"barber","Adult","230136",1,39,"S","3"
488,"male",58,0,0,4160.84,"pharmacist","Senior","11771",0,29.7,"C","1"
489,"male",30,0,0,189.33,"barber","Adult","A.5. 18509",0,8.05,"S","3"
490,"male",9,1,1,34.01,"blacksmith","Child","C.A. 34651",1,27.75,"S","3"
491,"male",28,1,0,381.31,"blacksmith","Adult","PC 17756",1,83.1583,"C","3"
492,"male",21,0,0,200.51,"blacksmith","Adult","SOTON/OQ 3101317",0,7.25,"S","3"
494,"male",71,0,0,3824.12,"apothecary","Senior","PC 17609",0,49.5042,"C","1"
495,"male",21,0,0,74.25,"barber","Adult","A/4 45380",0,8.05,"S","3"
496,"male",28,0,0,129.47,"wheelwright","Adult","2627",0,14.4583,"C","3"
497,"female",54,1,0,4424.14,"music teacher","Senior","PC 17483",0,221.7792,"S","1"
498,"male",28,0,0,262.88,"barber","Adult","C.A. 6212",0,15.1,"S","3"
499,"female",25,1,2,3348.91,"pharmacist","Adult","347077",0,31.3875,"S","1"
500,"male",24,0,0,159.97,"wheelwright","Adult","350035",0,7.7958,"S","3"
501,"male",17,0,0,96.62,"wigmaker","Adult","315086",0,8.6625,"S","3"
502,"female",21,0,0,7.74,"weaver","Adult","364846",0,7.75,"Q","3"
503,"female",28,0,0,189.26,"blacksmith","Adult","330909",0,7.6292,"Q","3"
505,"female",16,0,0,2190.88,"music teacher","Adult","110152",1,86.5,"S","1"
506,"male",18,1,0,4341.37,"goldsmith","Adult","31027",0,21,"S","1"
507,"female",33,0,2,1633.07,"silversmith","Adult","19996",1,52,"S","2"
508,"male",28,0,0,3966.37,"goldsmith","Adult","111427",1,26.55,"S","1"
509,"male",28,0,0,368.94,"barber","Adult","C 4001",0,22.525,"S","3"
510,"male",26,0,0,170.72,"shoemaker","Adult","1601",1,56.4958,"S","3"
511,"male",29,0,0,362.86,"wigmaker","Adult","382651",1,7.75,"Q","3"
512,"male",28,0,0,12.95,"weaver","Adult","SOTON/OQ 3101316",0,8.05,"S","3"
513,"male",36,0,0,3009.55,"apothecary","Adult","PC 17473",1,26.2875,"S","1"
514,"female",54,1,0,3283.51,"dentist","Senior","363291",0,20.525,"S","1"
516,"male",47,0,0,3559.96,"hatter","Adult","36967",0,34.0208,"S","1"
517,"female",34,0,0,500.47,"cutler","Adult","C.A. 34260",1,10.5,"S","2"
518,"male",28,0,0,193.48,"wigmaker","Adult","371110",0,24.15,"Q","3"
520,"male",32,0,0,262.35,"wheelwright","Adult","349242",0,7.8958,"S","3"
521,"female",30,0,0,4572,"apothecary","Adult","12749",1,93.5,"S","1"
523,"male",28,0,0,229.04,"wigmaker","Adult","2624",0,7.225,"C","3"
524,"female",44,0,1,4588.11,"pharmacist","Adult","110413",0,79.65,"S","1"
525,"male",28,0,0,128.79,"wheelwright","Adult","2700",0,7.2292,"C","3"
526,"male",40.5,0,0,111.5,"shoemaker","Adult","367232",0,7.75,"Q","3"
527,"female",50,0,0,601.26,"cabinetmaker","Senior","W./C. 14258",1,10.5,"S","2"
528,"male",28,0,0,3355.45,"goldsmith","Adult","PC 17483",0,221.7792,"S","1"
529,"male",39,0,0,2.67,"wheelwright","Adult","3101296",0,7.925,"S","3"
530,"male",23,2,1,1219.63,"cutler","Adult","1601",0,56.4958,"S","2"
531,"female",2,1,1,1660.25,"bookbinder","Child","19996",1,52,"S","2"
532,"male",28,0,0,90.36,"barber","Adult","2641",0,7.2292,"C","3"
533,"male",17,1,1,205.83,"barber","Adult","W./C. 6607",0,23.45,"S","3"
534,"female",28,0,2,194.42,"blacksmith","Adult","19950",0,263,"S","3"
535,"female",30,0,0,355.07,"blacksmith","Adult","315084",0,8.6625,"S","3"
536,"female",7,0,2,408.56,"cutler","Child","113572",1,80,"S","3"
537,"male",45,0,0,3300.55,"dentist","Adult","113050",0,26.55,"S","1"
538,"female",30,0,0,3218.81,"farrier","Adult","PC 17761",1,106.425,"C","1"
539,"male",28,0,0,200.87,"blacksmith","Adult","364498",0,14.5,"S","3"
540,"female",22,0,2,2551.94,"music teacher","Adult","110465",0,52,"S","1"
541,"female",36,0,2,3645.67,"pharmacist","Adult","C.A. 37671",1,15.9,"S","1"
542,"female",9,4,2,340.17,"wigmaker","Child","CA 2144",0,46.9,"S","3"
543,"female",11,4,2,395.28,"shoemaker","Child","CA 2144",0,46.9,"S","3"
544,"male",32,1,0,1280.2,"shopkeeper","Adult","315153",1,22.025,"S","2"
545,"male",50,1,0,2626.19,"pharmacist","Senior","C.A. 6212",0,15.1,"S","1"
546,"male",64,0,0,3603.26,"doctor","Senior","693",0,26,"S","1"
547,"female",19,1,0,1018.81,"cabinetmaker","Adult","315153",1,22.025,"S","2"
548,"male",28,0,0,1703.45,"hatter","Adult","SC/PARIS 2146",1,13.8625,"C","2"
549,"male",33,1,1,287.3,"wheelwright","Adult","112058",0,0,"S","3"
550,"male",8,1,1,980.54,"cutler","Child","PC 17572",1,76.7292,"C","2"
551,"male",17,0,2,4805.17,"music teacher","Adult","248727",1,33,"S","1"
552,"male",27,0,0,789.93,"breechesmaker","Adult","244358",0,26,"S","2"
553,"male",28,0,0,310.17,"wheelwright","Adult","330979",0,7.8292,"Q","3"
554,"male",22,0,0,315.02,"blacksmith","Adult","2620",1,7.225,"C","3"
555,"female",22,0,0,175.04,"blacksmith","Adult","347085",1,7.775,"S","3"
556,"male",62,0,0,2685.66,"hatter","Senior","113807",0,26.55,"S","1"
557,"female",48,1,0,4026.25,"goldsmith","Adult","CA. 2343",1,69.55,"S","1"
558,"male",28,0,0,3182.67,"hatter","Adult","PC 17757",0,227.525,"C","1"
559,"female",39,1,1,4762.16,"music teacher","Adult","244252",0,26,"S","1"
560,"female",36,1,0,45.42,"blacksmith","Adult","PC 17569",0,146.5208,"C","3"
561,"male",28,0,0,207.38,"shoemaker","Adult","372622",0,7.75,"Q","3"
562,"male",40,0,0,332.73,"weaver","Adult","349251",0,7.8958,"S","3"
563,"male",28,0,0,1844.94,"cutler","Adult","218629",0,13.5,"S","2"
564,"male",28,0,0,351.12,"shoemaker","Adult","SOTON/OQ 392082",0,8.05,"S","3"
565,"female",28,0,0,172.96,"shoemaker","Adult","SOTON/O.Q. 392087",0,8.05,"S","3"
566,"male",24,2,0,46.7,"weaver","Adult","PC 17572",1,76.7292,"C","3"
568,"female",29,0,4,273,"wheelwright","Adult","24160",1,211.3375,"S","3"
569,"male",28,0,0,357.71,"shoemaker","Adult","2686",0,7.2292,"C","3"
570,"male",32,0,0,153.32,"blacksmith","Adult","350417",1,7.8542,"S","3"
571,"male",62,0,0,1804.95,"hatter","Senior","S.W./PP 752",1,10.5,"S","2"
572,"female",53,2,0,3016.68,"music teacher","Senior","29106",1,18.75,"S","1"
573,"male",36,0,0,2987.09,"surgeon","Adult","PC 17474",1,26.3875,"S","1"
574,"female",28,0,0,345.88,"blacksmith","Adult","14312",1,7.75,"Q","3"
575,"male",16,0,0,360.17,"blacksmith","Adult","A/4. 20589",0,8.05,"S","3"
576,"male",19,0,0,387.5,"blacksmith","Adult","358585",0,14.5,"S","3"
577,"female",34,0,0,578.96,"cabinetmaker","Adult","243880",1,13,"S","2"
578,"female",39,1,0,2668.09,"farrier","Adult","36928",0,164.8667,"S","1"
579,"female",28,1,0,139.19,"wigmaker","Adult","35273",1,113.275,"C","3"
581,"female",25,1,1,1531.53,"cabinetmaker","Adult","A/5. 851",0,14.5,"S","2"
582,"female",39,1,1,3442.02,"apothecary","Adult","248727",1,33,"S","1"
583,"male",54,0,0,1408.41,"coachmaker","Senior","28403",0,26,"S","2"
584,"male",36,0,0,4671.55,"doctor","Adult","13049",0,40.125,"C","1"
585,"male",28,0,0,191.86,"wheelwright","Adult","3411",0,8.7125,"C","3"
586,"female",18,0,2,4929.25,"goldsmith","Adult","244252",0,26,"S","1"
587,"male",47,0,0,656.11,"silversmith","Adult","237565",0,15,"S","2"
588,"male",60,1,1,2886.09,"apothecary","Senior","111361",1,57.9792,"C","1"
589,"male",22,0,0,194.93,"shoemaker","Adult","14973",0,8.05,"S","3"
590,"male",28,0,0,395.3,"wigmaker","Adult","A./5. 3235",0,8.05,"S","3"
591,"male",35,0,0,374.86,"blacksmith","Adult","STON/O 2. 3101273",0,7.125,"S","3"
592,"female",52,1,0,4788.57,"farrier","Senior","371362",0,16.1,"S","1"
593,"male",47,0,0,271.62,"weaver","Adult","A/5 3902",0,7.25,"S","3"
594,"female",28,0,2,152.56,"blacksmith","Adult","367226",1,23.25,"Q","3"
595,"male",37,1,0,530.56,"hatter","Adult","367230",1,15.5,"Q","2"
596,"male",36,1,1,157.73,"wigmaker","Adult","250647",0,13,"S","3"
597,"female",28,0,0,468.49,"bookbinder","Adult","248727",1,33,"S","3"
598,"male",49,0,0,235.22,"blacksmith","Adult","LINE",0,0,"S","3"
599,"male",28,0,0,350.33,"barber","Adult","2664",0,7.225,"C","3"
600,"male",49,1,0,4275.28,"apothecary","Adult","CA. 2343",1,69.55,"S","1"
601,"female",24,2,1,1018.48,"cutler","Adult","17421",1,110.8833,"C","2"
602,"male",28,0,0,32.3,"shoemaker","Adult","349214",0,7.8958,"S","3"
603,"male",28,0,0,2542.97,"music teacher","Adult","113796",0,42.4,"S","1"
604,"male",44,0,0,153.49,"blacksmith","Adult","364511",0,8.05,"S","3"
606,"male",36,1,0,112.52,"blacksmith","Adult","2003",0,26,"S","3"
607,"male",30,0,0,181.12,"wheelwright","Adult","349246",0,7.8958,"S","3"
608,"male",27,0,0,3775.63,"pharmacist","Adult","113804",1,30.5,"S","1"
609,"female",22,1,2,628.96,"hatter","Adult","26360",1,26,"S","2"
610,"female",40,0,0,4425.73,"pharmacist","Adult","PC 17582",1,153.4625,"S","1"
611,"female",39,1,5,352.23,"shoemaker","Adult","CA 2144",0,46.9,"S","3"
612,"male",28,0,0,30.77,"wigmaker","Adult","SOTON/O.Q. 3101305",0,7.05,"S","3"
613,"female",28,1,0,125.73,"wigmaker","Adult","2660",0,14.4542,"C","3"
614,"male",28,0,0,114.4,"shoemaker","Adult","370377",0,7.75,"Q","3"
615,"male",35,0,0,58.73,"weaver","Adult","364512",0,8.05,"S","3"
616,"female",24,1,2,927.23,"breechesmaker","Adult","13502",1,77.9583,"S","2"
617,"male",34,1,1,257.98,"barber","Adult","LINE",0,0,"S","3"
618,"female",26,1,0,97.27,"blacksmith","Adult","228414",0,26,"S","3"
619,"female",4,2,1,835.7,"hatter","Child","PC 17755",1,512.3292,"C","2"
620,"male",26,0,0,1193.84,"cabinetmaker","Adult","31028",0,10.5,"S","2"
621,"male",27,1,0,198.29,"barber","Adult","P/PP 3381",0,24,"C","3"
622,"male",42,1,0,3536.65,"doctor","Adult","19877",0,78.85,"S","1"
623,"male",20,1,1,317.98,"blacksmith","Adult","17453",1,89.1042,"C","3"
624,"male",21,0,0,323.85,"weaver","Adult","350029",0,7.8542,"S","3"
625,"male",21,0,0,209.22,"wheelwright","Adult","54636",0,16.1,"S","3"
626,"male",61,0,0,4903.1,"hatter","Senior","36963",0,32.3208,"S","1"
627,"male",57,0,0,842.79,"cutler","Senior","219533",0,12.35,"Q","2"
628,"female",21,0,0,2959.83,"hatter","Adult","13502",1,77.9583,"S","1"
629,"male",26,0,0,346.05,"blacksmith","Adult","349224",0,7.8958,"S","3"
632,"male",51,0,0,364.14,"wheelwright","Senior","347743",0,7.0542,"S","3"
633,"male",32,0,0,4791.25,"doctor","Adult","13214",1,30.5,"C","1"
634,"male",28,0,0,3546.04,"surgeon","Adult","112052",0,0,"S","1"
635,"female",9,3,2,178.72,"blacksmith","Child","PC 17608",1,262.375,"C","3"
636,"female",28,0,0,1660.04,"bookbinder","Adult","237668",1,13,"S","2"
637,"male",32,0,0,251.86,"barber","Adult","STON/O 2. 3101292",0,7.925,"S","3"
638,"male",31,1,1,1104.99,"cabinetmaker","Adult","C 4001",0,22.525,"S","2"
639,"female",41,0,5,149.04,"wigmaker","Adult","347088",0,27.9,"S","3"
640,"male",28,1,0,321.99,"blacksmith","Adult","7534",0,9.2167,"S","3"
641,"male",20,0,0,91.44,"shoemaker","Adult","350050",0,7.8542,"S","3"
642,"female",24,0,0,3211.26,"goldsmith","Adult","PC 17477",1,69.3,"C","1"
645,"female",0.75,2,1,242.44,"wheelwright","Child","4133",0,25.4667,"S","3"
646,"male",48,1,0,4146.92,"apothecary","Adult","PC 17761",1,106.425,"C","1"
647,"male",19,0,0,372.91,"blacksmith","Adult","349231",0,7.8958,"S","3"
648,"male",56,0,0,4764.45,"doctor","Senior","13213",1,35.5,"C","1"
649,"male",28,0,0,354.08,"blacksmith","Adult","S.O./P.P. 751",0,7.55,"S","3"
650,"female",23,0,0,151.29,"blacksmith","Adult","CA. 2314",1,7.55,"S","3"
651,"male",28,0,0,213.44,"blacksmith","Adult","349221",0,7.8958,"S","3"
652,"female",18,0,1,1381.08,"shopkeeper","Adult","C.A. 31921",1,26.25,"S","2"
653,"male",21,0,0,225.98,"blacksmith","Adult","8475",0,8.4333,"S","3"
654,"female",28,0,0,164.71,"weaver","Adult","330919",1,7.8292,"Q","3"
655,"female",18,0,0,127.73,"wheelwright","Adult","365226",0,6.75,"Q","3"
656,"male",24,2,0,457.96,"coachmaker","Adult","113796",0,42.4,"S","3"
657,"male",28,0,0,383.55,"shoemaker","Adult","349223",0,7.8958,"S","3"
658,"female",32,1,1,256.1,"blacksmith","Adult","367226",1,23.25,"Q","3"
659,"male",23,0,0,658.05,"bookbinder","Adult","29751",0,13,"S","2"
660,"male",58,0,2,3293.03,"farrier","Senior","17474",1,57,"S","1"
661,"male",50,2,0,2785.58,"dentist","Senior","110413",1,79.65,"S","1"
662,"male",40,0,0,384.65,"barber","Adult","2623",0,7.225,"C","3"
663,"male",47,0,0,2816.39,"apothecary","Adult","5727",0,25.5875,"S","1"
665,"male",20,1,0,365.23,"blacksmith","Adult","21228",0,82.2667,"S","3"
666,"male",32,2,0,1320.49,"shopkeeper","Adult","113796",0,42.4,"S","2"
667,"male",25,0,0,1634.16,"hatter","Adult","234686",0,13,"S","2"
668,"male",28,0,0,261.51,"blacksmith","Adult","312993",0,7.775,"S","3"
669,"male",43,0,0,339.28,"shoemaker","Adult","A/5 3536",0,8.05,"S","3"
670,"female",28,1,0,2985.83,"hatter","Adult","392091",0,9.35,"S","1"
671,"female",40,1,1,701.99,"carpenter-joiner","Adult","36928",1,164.8667,"S","2"
672,"male",31,1,0,3320.85,"goldsmith","Adult","A/5. 3337",0,14.5,"S","1"
673,"male",70,0,0,592.51,"silversmith","Senior","C.A. 24580",0,10.5,"S","2"
674,"male",31,0,0,750,"cutler","Adult","244270",1,13,"S","2"
675,"male",28,0,0,1449.68,"hatter","Adult","239856",0,0,"S","2"
676,"male",18,0,0,343.73,"shoemaker","Adult","349912",0,7.775,"S","3"
677,"male",24.5,0,0,277.86,"blacksmith","Adult","342826",0,8.05,"S","3"
678,"female",18,0,0,73.52,"shoemaker","Adult","4138",1,9.8417,"S","3"
679,"female",43,1,6,111.37,"blacksmith","Adult","347082",0,31.275,"S","3"
680,"male",36,0,1,2929.86,"surgeon","Adult","35281",0,77.2875,"S","1"
681,"female",28,0,0,254.05,"weaver","Adult","330935",0,8.1375,"Q","3"
682,"male",27,0,0,2139.25,"music teacher","Adult","PC 17572",1,76.7292,"C","1"
683,"male",20,0,0,397.06,"wheelwright","Adult","6563",0,9.225,"S","3"
684,"male",14,5,2,89.53,"blacksmith","Adult","347082",0,31.275,"S","3"
685,"male",60,1,1,529.6,"cutler","Senior","36928",1,164.8667,"S","2"
686,"male",25,1,2,744.04,"hatter","Adult","26360",1,26,"S","2"
687,"male",14,4,1,278.22,"shoemaker","Adult","347088",0,27.9,"S","3"
688,"male",19,0,0,28.38,"blacksmith","Adult","349228",0,10.1708,"S","3"
689,"male",18,0,0,76.77,"shoemaker","Adult","350036",0,7.7958,"S","3"
690,"female",15,0,1,2819.8,"hatter","Adult","236853",0,26,"S","1"
691,"male",31,1,0,2389.6,"hatter","Adult","C.A. 2673",0,20.25,"S","1"
692,"female",4,0,1,175.84,"shoemaker","Child","13508",0,136.7792,"C","3"
693,"male",28,0,0,151.99,"wheelwright","Adult","1601",1,56.4958,"S","3"
694,"male",25,0,0,123.21,"weaver","Adult","2672",0,7.225,"C","3"
695,"male",60,0,0,2709.69,"farrier","Senior","113800",0,26.55,"S","1"
696,"male",52,0,0,1342.37,"breechesmaker","Senior","248731",0,13.5,"S","2"
697,"male",44,0,0,45.3,"wheelwright","Adult","363592",0,8.05,"S","3"
698,"female",28,0,0,146.13,"barber","Adult","35852",1,7.7333,"Q","3"
699,"male",49,1,1,3694.98,"farrier","Adult","248727",1,33,"S","1"
700,"male",42,0,0,210.05,"shoemaker","Adult","348121",0,7.65,"S","3"
701,"female",18,1,0,4840.92,"apothecary","Adult","2908",1,26,"S","1"
702,"male",35,0,0,3874.75,"pharmacist","Adult","PC 17475",1,26.2875,"S","1"
703,"female",18,0,1,114.57,"blacksmith","Adult","29750",1,39,"S","3"
705,"male",26,1,0,165.31,"blacksmith","Adult","PC 17758",1,108.9,"C","3"
706,"male",39,0,0,1084.3,"bookbinder","Adult","250655",0,26,"S","2"
707,"female",45,0,0,856.98,"silversmith","Adult","223596",1,13.5,"S","2"
708,"male",42,0,0,2141.41,"apothecary","Adult","PC 17476",1,26.2875,"S","1"
709,"female",22,0,0,3016.64,"surgeon","Adult","113781",1,151.55,"S","1"
710,"male",28,1,1,16.23,"blacksmith","Adult","16966",0,134.5,"C","3"
711,"female",24,0,0,2359.6,"farrier","Adult","PC 17482",1,49.5042,"C","1"
712,"male",28,0,0,4098.02,"pharmacist","Adult","113028",0,26.55,"S","1"
713,"male",48,1,0,3329.95,"music teacher","Adult","392091",0,9.35,"S","1"
714,"male",29,0,0,165.39,"wigmaker","Adult","7545",0,9.4833,"S","3"
715,"male",52,0,0,401.64,"shopkeeper","Senior","250647",0,13,"S","3"
716,"male",19,0,0,36.24,"wigmaker","Adult","348124",0,7.65,"S","3"
717,"female",38,0,0,4034.12,"farrier","Adult","PC 17757",1,227.525,"C","1"
718,"female",27,0,0,1969.25,"carpenter-joiner","Adult","34218",1,10.5,"S","2"
719,"male",28,0,0,35.71,"blacksmith","Adult","36568",0,15.5,"Q","3"
720,"male",33,0,0,215.53,"wheelwright","Adult","347062",0,7.775,"S","3"
721,"female",6,0,1,1641.3,"breechesmaker","Child","PC 17761",1,106.425,"C","2"
722,"male",17,1,0,37.9,"wheelwright","Adult","12749",1,93.5,"S","3"
723,"male",34,0,0,769.69,"silversmith","Adult","12233",0,13,"S","2"
724,"male",50,0,0,1156.72,"breechesmaker","Senior","250643",0,13,"S","2"
725,"male",27,1,0,3897.61,"surgeon","Adult","364849",0,15.5,"Q","1"
726,"male",20,0,0,382.7,"blacksmith","Adult","315094",0,8.6625,"S","3"
727,"female",30,3,0,1729.21,"carpenter-joiner","Adult","2653",1,15.7417,"C","2"
728,"female",28,0,0,327.26,"wheelwright","Adult","36866",1,7.7375,"Q","3"
729,"male",25,1,0,1695.14,"cutler","Adult","347080",0,14.4,"S","2"
730,"female",25,1,0,193.62,"weaver","Adult","113803",0,53.1,"S","3"
731,"female",29,0,0,2355.88,"dentist","Adult","24160",1,211.3375,"S","1"
732,"male",11,0,0,163.06,"wheelwright","Child","SOTON/O.Q. 3101315",1,13.775,"S","3"
733,"male",28,0,0,961.01,"shopkeeper","Adult","239855",0,0,"S","2"
734,"male",23,0,0,477.14,"coachmaker","Adult","28425",0,13,"S","3"
735,"male",23,0,0,707.18,"silversmith","Adult","233639",0,13,"S","2"
736,"male",28.5,0,0,382.58,"blacksmith","Adult","54636",0,16.1,"S","3"
737,"female",48,1,3,185.4,"wigmaker","Adult","W./C. 6608",0,34.375,"S","3"
738,"male",35,0,0,4465.21,"pharmacist","Adult","PC 17755",1,512.3292,"C","1"
739,"male",28,0,0,261.75,"shoemaker","Adult","349201",0,7.8958,"S","3"
741,"male",28,0,0,3520.98,"dentist","Adult","16988",1,30,"S","1"
742,"male",36,1,0,2084.44,"pharmacist","Adult","363291",1,20.525,"S","1"
743,"female",21,2,2,2593.29,"music teacher","Adult","2666",1,19.2583,"C","1"
744,"male",24,1,0,287.75,"weaver","Adult","24065",0,26,"S","3"
745,"male",31,0,0,369.73,"shoemaker","Adult","STON/O 2. 3101288",1,7.925,"S","3"
746,"male",70,1,1,2409.13,"pharmacist","Senior","C.A. 37671",1,15.9,"S","1"
747,"male",16,1,1,186.58,"weaver","Adult","2678",0,15.2458,"C","3"
748,"female",30,0,0,868.69,"shopkeeper","Adult","250648",1,13,"S","2"
749,"male",19,1,0,4243.64,"pharmacist","Adult","237736",0,30.0708,"C","1"
750,"male",31,0,0,78.6,"barber","Adult","335097",0,7.75,"Q","3"
751,"female",4,1,1,1950.39,"cabinetmaker","Child","2625",1,8.5167,"C","2"
752,"male",6,0,1,250.26,"wheelwright","Child","2650",0,15.2458,"C","3"
753,"male",33,0,0,291.95,"weaver","Adult","345780",0,9.5,"S","3"
754,"male",23,0,0,86.56,"barber","Adult","349204",0,7.8958,"S","3"
755,"female",48,1,2,1877.37,"breechesmaker","Adult","13502",1,77.9583,"S","2"
756,"male",0.67,1,1,618.17,"breechesmaker","Child","113059",0,47.1,"S","2"
757,"male",28,0,0,387.12,"wheelwright","Adult","350042",0,7.7958,"S","3"
758,"male",18,0,0,1186.68,"carpenter-joiner","Adult","29108",0,11.5,"S","2"
759,"male",34,0,0,189.63,"barber","Adult","363294",0,8.05,"S","3"
760,"female",33,0,0,4803.91,"pharmacist","Adult","110152",1,86.5,"S","1"
761,"male",28,0,0,273.93,"barber","Adult","358585",0,14.5,"S","3"
762,"male",41,0,0,391.86,"barber","Adult","SOTON/O2 3101272",0,7.125,"S","3"
763,"male",20,0,0,95.82,"shoemaker","Adult","2663",1,7.2292,"C","3"
764,"female",36,1,2,3313.22,"dentist","Adult","110152",1,86.5,"S","1"
765,"male",16,0,0,234.05,"blacksmith","Adult","347074",0,7.775,"S","3"
766,"female",51,1,0,3483.71,"doctor","Senior","113509",0,61.9792,"C","1"
767,"male",28,0,0,2971.57,"pharmacist","Adult","112379",0,39.6,"C","1"
768,"female",30.5,0,0,294.21,"shoemaker","Adult","364850",0,7.75,"Q","3"
769,"male",28,1,0,291.73,"wheelwright","Adult","2659",0,14.4542,"C","3"
770,"male",32,0,0,301.89,"barber","Adult","8471",0,8.3625,"S","3"
771,"male",24,0,0,360.36,"wigmaker","Adult","345781",0,9.5,"S","3"
772,"male",48,0,0,245.52,"weaver","Adult","350047",0,7.8542,"S","3"
773,"female",57,0,0,1616.23,"carpenter-joiner","Senior","S.O./P.P. 3",0,10.5,"S","2"
774,"male",28,0,0,217.27,"blacksmith","Adult","2674",0,7.225,"C","3"
775,"female",54,1,3,1962,"coachmaker","Senior","113760",1,120,"S","2"
776,"male",18,0,0,145.82,"shoemaker","Adult","347078",0,7.75,"S","3"
777,"male",28,0,0,267.79,"wheelwright","Adult","383121",0,7.75,"Q","3"
778,"female",5,0,0,113.73,"wheelwright","Child","PC 17477",1,69.3,"C","3"
780,"female",43,0,1,2685.34,"music teacher","Adult","350026",0,14.1083,"S","1"
781,"female",13,0,0,384.67,"barber","Adult","2687",1,7.2292,"C","3"
782,"female",17,1,0,2643.53,"farrier","Adult","C.A. 2673",0,20.25,"S","1"
783,"male",29,0,0,4955.49,"music teacher","Adult","113501",0,30,"S","1"
784,"male",28,1,2,283.7,"wigmaker","Adult","220845",1,65,"S","3"
785,"male",25,0,0,193.57,"barber","Adult","SOTON/O.Q. 3101312",0,7.05,"S","3"
786,"male",25,0,0,370.5,"wheelwright","Adult","374887",0,7.25,"S","3"
787,"female",18,0,0,220.58,"wigmaker","Adult","3101265",1,7.4958,"S","3"
788,"male",8,4,1,11.33,"wigmaker","Child","382652",0,29.125,"Q","3"
789,"male",1,1,2,188.33,"weaver","Child","113781",1,151.55,"S","3"
790,"male",46,0,0,4546.88,"doctor","Adult","PC 17593",0,79.2,"C","1"
791,"male",28,0,0,362.01,"shoemaker","Adult","12460",0,7.75,"Q","3"
792,"male",16,0,0,646.71,"cabinetmaker","Adult","239865",0,26,"S","2"
793,"female",28,8,2,326.9,"blacksmith","Adult","CA. 2343",0,69.55,"S","3"
794,"male",28,0,0,4137.4,"surgeon","Adult","PC 17600",0,30.6958,"C","1"
795,"male",25,0,0,128.7,"weaver","Adult","349203",0,7.8958,"S","3"
796,"male",39,0,0,719.34,"coachmaker","Adult","28213",0,13,"S","2"
797,"female",49,0,0,2491.55,"dentist","Adult","17465",1,25.9292,"S","1"
798,"female",31,0,0,360.7,"shoemaker","Adult","349244",1,8.6833,"S","3"
799,"male",30,0,0,336.7,"shoemaker","Adult","2685",0,7.2292,"C","3"
801,"male",34,0,0,712.15,"carpenter-joiner","Adult","250647",0,13,"S","2"
802,"female",31,1,1,502.84,"shopkeeper","Adult","C 4001",0,22.525,"S","2"
803,"male",11,1,2,3806.19,"hatter","Child","110152",1,86.5,"S","1"
804,"male",0.42,0,1,218.31,"blacksmith","Child","4133",1,25.4667,"S","3"
805,"male",27,0,0,330.31,"shoemaker","Adult","347089",1,6.975,"S","3"
806,"male",31,0,0,129.11,"shoemaker","Adult","347063",0,7.775,"S","3"
807,"male",39,0,0,3840.78,"music teacher","Adult","112050",0,0,"S","1"
808,"female",18,0,0,298.54,"wheelwright","Adult","347087",0,7.775,"S","3"
809,"male",39,0,0,1209.48,"cabinetmaker","Adult","248723",0,13,"S","2"
810,"female",33,1,0,2398.69,"pharmacist","Adult","364849",0,15.5,"Q","1"
811,"male",26,0,0,256.64,"barber","Adult","3474",0,7.8875,"S","3"
812,"male",39,0,0,176.82,"barber","Adult","A/4 48871",0,24.15,"S","3"
813,"male",35,0,0,466.8,"breechesmaker","Adult","28206",0,10.5,"S","3"
814,"female",6,4,2,140.45,"barber","Child","CA 2144",0,46.9,"S","3"
815,"male",30.5,0,0,70.19,"blacksmith","Adult","364499",0,8.05,"S","3"
816,"male",28,0,0,3407.78,"music teacher","Adult","112058",0,0,"S","1"
817,"female",23,0,0,324.52,"barber","Adult","STON/O2. 3101290",0,7.925,"S","3"
818,"male",31,1,1,607.4,"bookbinder","Adult","12749",0,93.5,"S","2"
819,"male",43,0,0,151.99,"blacksmith","Adult","C 7075",0,6.45,"S","3"
820,"male",10,3,2,192.32,"weaver","Child","PC 17608",1,262.375,"C","3"
821,"female",52,1,1,4166.79,"farrier","Senior","113781",0,151.55,"S","1"
822,"male",27,0,0,397.48,"wigmaker","Adult","315098",1,8.6625,"S","3"
823,"male",38,0,0,3953.57,"apothecary","Adult","19972",0,0,"S","1"
824,"female",27,0,1,9.15,"blacksmith","Adult","2650",0,15.2458,"C","3"
825,"male",2,4,1,369.05,"wheelwright","Child","347088",0,27.9,"S","3"
827,"male",28,0,0,256.88,"barber","Adult","1601",0,56.4958,"S","3"
828,"male",1,0,2,868.97,"cabinetmaker","Child","12749",0,93.5,"S","2"
829,"male",28,0,0,49.97,"wigmaker","Adult","367228",1,7.75,"Q","3"
830,"female",62,0,0,3157.42,"dentist","Senior","113572",1,80,"S","1"
831,"female",15,1,0,178.02,"wigmaker","Adult","P/PP 3381",0,24,"C","3"
832,"male",0.83,1,1,717.96,"cabinetmaker","Child","220845",0,65,"S","2"
833,"male",28,0,0,65.13,"shoemaker","Adult","2671",0,7.2292,"C","3"
834,"male",23,0,0,46.54,"shoemaker","Adult","347468",0,7.8542,"S","3"
835,"male",18,0,0,228.62,"blacksmith","Adult","2223",0,8.3,"S","3"
836,"female",39,1,1,4189.54,"doctor","Adult","C.A. 31029",0,31.5,"S","1"
837,"male",21,0,0,30.99,"wheelwright","Adult","315097",0,8.6625,"S","3"
838,"male",28,0,0,14,"barber","Adult","392092",0,8.05,"S","3"
839,"male",32,0,0,83.38,"weaver","Adult","1601",1,56.4958,"S","3"
840,"male",28,0,0,2312.05,"hatter","Adult","11774",1,29.7,"C","1"
841,"male",20,0,0,34.19,"wheelwright","Adult","SOTON/O2 3101287",0,7.925,"S","3"
842,"male",16,0,0,674.34,"carpenter-joiner","Adult","S.O./P.P. 3",0,10.5,"S","2"
843,"female",30,0,0,2653.78,"goldsmith","Adult","113798",1,31,"C","1"
844,"male",34.5,0,0,227.84,"blacksmith","Adult","2683",0,6.4375,"C","3"
845,"male",17,0,0,16.34,"blacksmith","Adult","315090",0,8.6625,"S","3"
846,"male",42,0,0,47.97,"wigmaker","Adult","C.A. 5547",0,7.55,"S","3"
847,"male",28,8,2,180.26,"barber","Adult","CA. 2343",0,69.55,"S","3"
848,"male",35,0,0,73.72,"weaver","Adult","349213",0,7.8958,"C","3"
849,"male",28,0,1,1635.9,"breechesmaker","Adult","PC 17761",1,106.425,"C","2"
850,"female",28,1,0,4268.14,"hatter","Adult","PC 17597",0,61.3792,"C","1"
851,"male",4,4,2,339.49,"blacksmith","Child","CA 2144",0,46.9,"S","3"
852,"male",74,0,0,331.05,"wheelwright","Senior","347060",0,7.775,"S","3"
853,"female",9,1,1,275.69,"barber","Child","347742",1,11.1333,"S","3"
854,"female",16,0,1,4351.27,"farrier","Adult","226875",0,26,"S","1"
855,"female",44,1,0,613.24,"hatter","Adult","358585",0,14.5,"S","2"
856,"female",18,0,1,83.25,"wheelwright","Adult","2680",0,14.4542,"C","3"
857,"female",45,1,1,4349.79,"music teacher","Adult","2627",0,14.4583,"C","1"
858,"male",51,0,0,4825.21,"music teacher","Senior","113055",1,26.55,"S","1"
859,"female",24,0,3,43.95,"barber","Adult","4133",0,25.4667,"S","3"
860,"male",28,0,0,248.78,"barber","Adult","2629",0,7.2292,"C","3"
861,"male",41,2,0,108.46,"wheelwright","Adult","113505",1,55,"S","3"
862,"male",21,1,0,871.96,"cabinetmaker","Adult","PC 17593",0,79.2,"C","2"
863,"female",48,0,0,4444.25,"goldsmith","Adult","17466",1,25.9292,"S","1"
864,"female",28,8,2,332.37,"barber","Adult","CA. 2343",0,69.55,"S","3"
865,"male",24,0,0,594.44,"shopkeeper","Adult","233866",0,13,"S","2"
866,"female",42,0,0,1227.51,"carpenter-joiner","Adult","236852",1,13,"S","2"
867,"female",27,1,0,1259.14,"carpenter-joiner","Adult","F.C.C. 13528",1,21,"S","2"
868,"male",31,0,0,4447.86,"apothecary","Adult","PC 17590",0,50.4958,"S","1"
869,"male",28,0,0,18.71,"wigmaker","Adult","345777",0,9.5,"S","3"
870,"male",4,1,1,205.19,"weaver","Child","11765",1,55.4417,"C","3"
871,"male",26,0,0,283.29,"wheelwright","Adult","349248",0,7.8958,"S","3"
872,"female",47,1,1,3147,"farrier","Adult","345773",0,24.15,"S","1"
873,"male",33,0,0,3831.18,"goldsmith","Adult","695",0,5,"S","1"
874,"male",47,0,0,316.63,"wigmaker","Adult","345765",0,9,"S","3"
876,"female",15,0,0,8.87,"wigmaker","Adult","2667",1,7.225,"C","3"
877,"male",20,0,0,393.28,"blacksmith","Adult","7534",0,9.8458,"S","3"
878,"male",19,0,0,190.59,"wigmaker","Adult","349212",0,7.8958,"S","3"
879,"male",28,0,0,248.57,"wigmaker","Adult","349217",0,7.8958,"S","3"
880,"female",56,0,1,2422.99,"pharmacist","Senior","349256",0,13.4167,"C","1"
881,"female",25,0,1,840.66,"shopkeeper","Adult","36568",0,15.5,"Q","2"
882,"male",33,0,0,219.78,"shoemaker","Adult","349257",0,7.8958,"S","3"
883,"female",22,0,0,243.1,"wheelwright","Adult","7552",0,10.5167,"S","3"
884,"male",28,0,0,564.7,"hatter","Adult","C.A./SOTON 34068",0,10.5,"S","2"
885,"male",25,0,0,110.29,"blacksmith","Adult","SOTON/OQ 392076",0,7.05,"S","3"
886,"female",39,0,5,58.51,"blacksmith","Adult","382652",0,29.125,"Q","3"
887,"male",27,0,0,452.78,"silversmith","Adult","211536",0,13,"S","3"
889,"female",28,1,2,300.66,"blacksmith","Adult","220845",1,65,"S","3"
890,"male",26,0,0,2628.22,"apothecary","Adult","111369",1,30,"C","1"
891,"male",32,0,0,200,"wheelwright","Adult","370376",0,7.75,"Q","3"
892,"male",34.5,0,0,186.57,"barber","Adult","330911",0,7.8292,"Q","3"
893,"female",47,1,0,366.84,"barber","Adult","F.C.C. 13529",0,26.25,"S","3"
894,"male",62,0,0,1498.06,"shopkeeper","Senior","240276",0,9.6875,"Q","2"
895,"male",27,0,0,298.59,"weaver","Adult","315154",0,8.6625,"S","3"
896,"female",22,1,1,349.43,"weaver","Adult","11751",1,52.5542,"S","3"
897,"male",14,0,0,341.41,"blacksmith","Adult","7538",0,9.225,"S","3"
898,"female",30,0,0,341.44,"blacksmith","Adult","330972",1,7.6292,"Q","3"
899,"male",26,1,1,878.04,"cutler","Adult","A/4 48871",0,24.15,"S","2"
900,"female",18,0,0,200.48,"blacksmith","Adult","2657",1,7.2292,"C","3"
901,"male",21,2,0,41.13,"blacksmith","Adult","PC 17572",1,76.7292,"C","3"
902,"male",28,0,0,179.78,"blacksmith","Adult","349220",0,7.8958,"S","3"
903,"male",46,0,0,4047.87,"surgeon","Adult","694",0,26,"S","1"
904,"female",23,1,0,2986.73,"music teacher","Adult","370129",1,20.2125,"S","1"
905,"male",63,1,0,636.13,"coachmaker","Senior","113789",0,52,"S","2"
906,"female",47,1,0,3781.84,"goldsmith","Adult","364516",1,12.475,"S","1"
907,"female",24,1,0,1182.6,"bookbinder","Adult","PC 17582",0,153.4625,"S","2"
908,"male",35,0,0,915.36,"cabinetmaker","Adult","233734",0,12.35,"Q","2"
909,"male",21,0,0,174.76,"barber","Adult","2692",0,7.225,"C","3"
910,"female",27,1,0,397.81,"shoemaker","Adult","113803",0,53.1,"S","3"
911,"female",45,0,0,46.06,"barber","Adult","2696",1,7.225,"C","3"
912,"male",55,1,0,3739.84,"dentist","Senior","363291",0,20.525,"S","1"
913,"male",9,0,1,170.71,"wheelwright","Child","2926",0,26,"S","3"
915,"male",21,0,1,4698.78,"doctor","Adult","LINE",1,0,"S","1"
916,"female",48,1,3,2734.46,"surgeon","Adult","2666",1,19.2583,"C","1"
917,"male",50,1,0,222.81,"wheelwright","Senior","35273",0,113.275,"C","3"
918,"female",22,0,1,4962.37,"hatter","Adult","29750",0,39,"S","1"
919,"male",22.5,0,0,364.27,"shoemaker","Adult","2698",0,7.225,"C","3"
920,"male",41,0,0,3707.98,"goldsmith","Adult","113054",0,30.5,"S","1"
921,"male",28,2,0,18.99,"wheelwright","Adult","230433",1,26,"S","3"
922,"male",50,1,0,1740.75,"shopkeeper","Senior","230080",0,26,"S","2"
923,"male",24,2,0,1710.24,"hatter","Adult","11753",1,52.5542,"S","2"
924,"female",33,1,2,317.37,"blacksmith","Adult","113781",1,151.55,"S","3"
925,"female",28,1,2,104.66,"blacksmith","Adult","220845",1,65,"S","3"
926,"male",30,1,0,4262.04,"surgeon","Adult","250655",0,26,"S","1"
927,"male",18.5,0,0,235.25,"wheelwright","Adult","2682",0,7.2292,"C","3"
928,"female",28,0,0,258.48,"blacksmith","Adult","342712",1,8.05,"S","3"
929,"female",21,0,0,368.25,"weaver","Adult","315087",1,8.6625,"S","3"
930,"male",25,0,0,247.9,"wigmaker","Adult","345768",0,9.5,"S","3"
931,"male",28,0,0,133.88,"blacksmith","Adult","1601",0,56.4958,"S","3"
932,"male",39,0,1,187.52,"barber","Adult","13508",0,136.7792,"C","3"
933,"male",28,0,0,2388.42,"apothecary","Adult","113778",0,26.55,"S","1"
934,"male",41,0,0,308.42,"wheelwright","Adult","SOTON/O.Q. 3101263",0,7.85,"S","3"
935,"female",30,0,0,1773.74,"cutler","Adult","237249",1,13,"S","2"
936,"female",45,1,0,2440.16,"farrier","Adult","19877",0,78.85,"S","1"
937,"male",25,0,0,358.08,"blacksmith","Adult","STON/O 2. 3101291",0,7.925,"S","3"
938,"male",45,0,0,3861.66,"farrier","Adult","PC 17594",0,29.7,"C","1"
939,"male",28,0,0,274.33,"blacksmith","Adult","370374",0,7.75,"Q","3"
940,"female",60,0,0,4484.8,"pharmacist","Senior","11813",1,76.2917,"C","1"
941,"female",36,0,2,229.71,"wheelwright","Adult","C.A. 34651",1,27.75,"S","3"
942,"male",24,1,0,2172.74,"hatter","Adult","36973",0,83.475,"S","1"
943,"male",27,0,0,1291.78,"cutler","Adult","SC/PARIS 2168",0,15.0333,"C","2"
944,"female",20,2,1,1206.38,"coachmaker","Adult","1601",0,56.4958,"S","2"
945,"female",28,3,2,3785.84,"pharmacist","Adult","3101295",0,39.6875,"S","1"
946,"male",28,0,0,611.99,"carpenter-joiner","Adult","SC/A.3 2861",0,15.5792,"C","2"
947,"male",10,4,1,208.61,"barber","Child","382652",0,29.125,"Q","3"
949,"male",25,0,0,156.98,"barber","Adult","348122",0,7.65,"S","3"
950,"male",28,1,0,231.23,"wigmaker","Adult","C.A. 2315",1,20.575,"S","3"
951,"female",36,0,0,3570.4,"pharmacist","Adult","PC 17608",1,262.375,"C","1"
952,"male",17,0,0,232.75,"weaver","Adult","349232",0,7.8958,"S","3"
953,"male",32,0,0,938.01,"shopkeeper","Adult","237216",0,13.5,"S","2"
954,"male",18,0,0,316.95,"wheelwright","Adult","347090",0,7.75,"S","3"
955,"female",22,0,0,153.96,"weaver","Adult","334914",1,7.725,"Q","3"
957,"female",28,0,0,1909.01,"coachmaker","Adult","F.C.C. 13534",1,21,"S","2"
958,"female",18,0,0,369.92,"weaver","Adult","330963",1,7.8792,"Q","3"
959,"male",47,0,0,4919.55,"apothecary","Adult","113796",0,42.4,"S","1"
960,"male",31,0,0,3600.23,"apothecary","Adult","2543",0,28.5375,"C","1"
961,"female",60,1,4,4485.16,"hatter","Senior","3101295",0,39.6875,"S","1"
963,"male",21,0,0,354.89,"wheelwright","Adult","349211",0,7.8958,"S","3"
964,"female",29,0,0,55.88,"barber","Adult","3101297",1,7.925,"S","3"
965,"male",28.5,0,0,2458.52,"farrier","Adult","PC 17562",0,27.7208,"C","1"
966,"female",35,0,0,4499.63,"hatter","Adult","113503",1,211.5,"C","1"
967,"male",32.5,0,0,3208.88,"dentist","Adult","113503",0,211.5,"C","1"
968,"male",28,0,0,154.93,"wheelwright","Adult","359306",0,8.05,"S","3"
969,"female",55,2,0,2786.45,"apothecary","Senior","C.A. 33112",1,36.75,"S","1"
970,"male",30,0,0,1667.79,"coachmaker","Adult","248744",0,13,"S","2"
971,"female",24,0,0,199.8,"weaver","Adult","368702",1,7.75,"Q","3"
972,"male",6,1,1,146.93,"barber","Child","347742",1,11.1333,"S","3"
973,"male",67,1,0,2642.98,"pharmacist","Senior","376566",0,16.1,"S","1"
974,"male",49,0,0,3384.6,"doctor","Adult","19924",0,26,"S","1"
975,"male",28,0,0,23.51,"blacksmith","Adult","349238",0,7.8958,"S","3"
976,"male",28,0,0,1517.72,"silversmith","Adult","240261",0,10.7083,"Q","2"
977,"male",28,1,0,334.5,"shoemaker","Adult","17421",0,110.8833,"C","3"
978,"female",27,0,0,245.68,"weaver","Adult","330844",1,7.8792,"Q","3"
979,"female",18,0,0,86.72,"wheelwright","Adult","A/4 31416",1,8.05,"S","3"
981,"male",2,1,1,1903.89,"shopkeeper","Child","2625",1,8.5167,"C","2"
982,"female",22,1,0,180.49,"blacksmith","Adult","F.C.C. 13529",1,26.25,"S","3"
983,"male",28,0,0,297.65,"shoemaker","Adult","345498",0,7.775,"S","3"
984,"female",27,1,2,2206.14,"apothecary","Adult","113503",0,211.5,"C","1"
985,"male",28,0,0,66.14,"weaver","Adult","376563",0,8.05,"S","3"
986,"male",25,0,0,4532.67,"dentist","Adult","13905",0,26,"C","1"
987,"male",25,0,0,70.46,"shoemaker","Adult","350033",0,7.7958,"S","3"
988,"female",76,1,0,4432.97,"dentist","Senior","363291",1,20.525,"S","1"
989,"male",29,0,0,69.75,"blacksmith","Adult","STON/O 2. 3101268",0,7.925,"S","3"
990,"female",20,0,0,216.38,"shoemaker","Adult","347471",1,7.8542,"S","3"
991,"male",33,0,0,59.87,"barber","Adult","A./5. 3338",0,8.05,"S","3"
992,"female",43,1,0,3299.68,"hatter","Adult","371110",1,24.15,"Q","1"
993,"male",27,1,0,1059.09,"carpenter-joiner","Adult","C.A. 34651",0,27.75,"S","2"
994,"male",28,0,0,161.54,"blacksmith","Adult","365235",0,7.75,"Q","3"
995,"male",26,0,0,145.55,"blacksmith","Adult","347070",0,7.775,"S","3"
996,"female",16,1,1,150.52,"blacksmith","Adult","248738",1,29,"S","3"
997,"male",28,0,0,245.03,"blacksmith","Adult","C 4001",0,22.525,"S","3"
998,"male",21,0,0,286.19,"wigmaker","Adult","330920",0,7.8208,"Q","3"
999,"male",28,0,0,220.95,"wheelwright","Adult","383162",0,7.75,"Q","3"
1000,"male",28,0,0,399.63,"wheelwright","Adult","3410",0,8.7125,"S","3"
1003,"female",28,0,0,68.98,"shoemaker","Adult","330968",1,7.7792,"Q","3"
1004,"female",36,0,0,3521.61,"surgeon","Adult","PC 17531",1,31.6792,"C","1"
1005,"female",18.5,0,0,150.16,"blacksmith","Adult","329944",1,7.2833,"Q","3"
1006,"female",63,1,0,3076.53,"dentist","Senior","376566",0,16.1,"S","1"
1007,"male",18,1,0,273.55,"wigmaker","Adult","370129",0,20.2125,"S","3"
1008,"male",28,0,0,288.74,"blacksmith","Adult","2681",0,6.4375,"C","3"
1009,"female",1,1,1,85.91,"weaver","Child","231919",1,23,"S","3"
1011,"female",29,1,0,900.07,"bookbinder","Adult","367230",1,15.5,"Q","2"
1013,"male",28,1,0,306.03,"wheelwright","Adult","17464",0,51.8625,"S","3"
1014,"female",35,1,0,4738.95,"surgeon","Adult","364498",0,14.5,"S","1"
1015,"male",28,0,0,124.44,"wigmaker","Adult","392095",0,7.25,"S","3"
1016,"male",28,0,0,257.91,"blacksmith","Adult","368783",0,7.75,"Q","3"
1017,"female",17,0,1,2.03,"blacksmith","Adult","54636",0,16.1,"S","3"
1018,"male",22,0,0,380.77,"weaver","Adult","350045",0,7.7958,"S","3"
1019,"female",28,2,0,44.05,"wheelwright","Adult","13050",0,75.2417,"C","3"
1020,"male",42,0,0,1716.14,"cutler","Adult","211535",0,13,"S","2"
1021,"male",24,0,0,50.94,"barber","Adult","342441",0,8.05,"S","3"
1022,"male",32,0,0,175.19,"wigmaker","Adult","STON/OQ. 369943",0,8.05,"S","3"
1023,"male",53,0,0,4502.92,"farrier","Senior","113780",0,28.5,"C","1"
1024,"female",28,0,4,369.99,"shoemaker","Adult","230136",1,39,"S","3"
1025,"male",28,1,0,164.69,"shoemaker","Adult","4133",1,25.4667,"S","3"
1026,"male",43,0,0,323.95,"barber","Adult","349226",0,7.8958,"S","3"
1027,"male",24,0,0,156.69,"wigmaker","Adult","350409",0,7.8542,"S","3"
1028,"male",26.5,0,0,262.27,"weaver","Adult","2656",0,7.225,"C","3"
1029,"male",26,0,0,1359.52,"shopkeeper","Adult","248659",0,13,"S","2"
1031,"male",40,1,6,93.59,"barber","Adult","347082",0,31.275,"S","3"
1032,"female",10,5,2,281.74,"blacksmith","Child","347082",0,31.275,"S","3"
1033,"female",33,0,0,2255.86,"hatter","Adult","113781",1,151.55,"S","1"
1034,"male",61,1,3,4209.3,"music teacher","Senior","2666",1,19.2583,"C","1"
1036,"male",42,0,0,3160.58,"hatter","Adult","17475",0,26.55,"S","1"
1037,"male",31,3,0,355.46,"barber","Adult","2661",1,15.2458,"C","3"
1038,"male",28,0,0,3652.43,"apothecary","Adult","17463",0,51.8625,"S","1"
1039,"male",22,0,0,270.83,"shoemaker","Adult","SC/A4 23568",0,8.05,"S","3"
1040,"male",28,0,0,2724.62,"dentist","Adult","113791",0,26.55,"S","1"
1041,"male",30,1,1,1833.18,"hatter","Adult","11967",1,91.0792,"C","2"
1042,"female",23,0,1,3055.4,"apothecary","Adult","F.C.C. 13534",1,21,"S","1"
1043,"male",28,0,0,234.41,"weaver","Adult","349255",0,7.8958,"C","3"
1044,"male",60.5,0,0,38.56,"blacksmith","Senior","3701",0,38.16390366151362,"S","3"
1045,"female",36,0,2,127.99,"wheelwright","Adult","11813",1,76.2917,"C","3"
1046,"male",13,4,2,204.52,"blacksmith","Adult","S.O.C. 14879",0,73.5,"S","3"
1047,"male",24,0,0,123.69,"blacksmith","Adult","S.O./P.P. 752",0,7.55,"S","3"
1048,"female",29,0,0,4082.02,"doctor","Adult","PC 17483",1,221.7792,"S","1"
1049,"female",23,0,0,204.7,"shoemaker","Adult","347469",1,7.8542,"S","3"
1050,"male",42,0,0,2792.02,"doctor","Adult","110489",0,26.55,"S","1"
1051,"female",26,0,2,10.03,"wigmaker","Adult","19943",1,90,"S","3"
1052,"female",28,0,0,63.9,"wigmaker","Adult","335432",1,7.7333,"Q","3"
1053,"male",7,1,1,82.96,"shoemaker","Child","250644",1,19.5,"S","3"
1054,"female",26,0,0,1596.81,"carpenter-joiner","Adult","220844",1,13.5,"S","2"
1055,"male",28,0,0,372.37,"wheelwright","Adult","343271",0,7,"S","3"
1056,"male",41,0,0,743.62,"breechesmaker","Adult","237393",0,13,"S","2"
1057,"female",26,1,1,180.84,"weaver","Adult","11769",1,51.4792,"S","3"
1058,"male",48,0,0,3526.62,"doctor","Adult","PC 17591",0,50.4958,"C","1"
1059,"male",18,2,2,174.75,"barber","Adult","W./C. 6608",0,34.375,"S","3"
1060,"female",28,0,0,3686.72,"goldsmith","Adult","17770",1,27.7208,"C","1"
1061,"female",22,0,0,288.06,"shoemaker","Adult","7548",1,8.9625,"S","3"
1062,"male",28,0,0,10.03,"wigmaker","Adult","S.O./P.P. 251",0,7.55,"S","3"
1063,"male",27,0,0,208.04,"shoemaker","Adult","2670",0,7.225,"C","3"
1064,"male",23,1,0,86.23,"weaver","Adult","F.C.C. 13529",1,26.25,"S","3"
1065,"male",28,0,0,228.23,"wigmaker","Adult","2673",0,7.2292,"C","3"
1066,"male",40,1,5,152.26,"shoemaker","Adult","S.O.C. 14879",0,73.5,"S","3"
1067,"female",15,0,2,1283.2,"carpenter-joiner","Adult","36928",1,164.8667,"S","2"
1068,"female",20,0,0,1455.74,"cabinetmaker","Adult","C.A. 33112",1,36.75,"S","2"
1069,"male",54,1,0,3357.5,"doctor","Senior","371110",1,24.15,"Q","1"
1070,"female",36,0,3,1728.17,"cabinetmaker","Adult","PC 17755",1,512.3292,"C","2"
1071,"female",64,0,2,3120.37,"apothecary","Senior","C.A. 31029",0,31.5,"S","1"
1072,"male",30,0,0,558.07,"cabinetmaker","Adult","233478",0,13,"S","2"
1073,"male",37,1,1,2749.2,"farrier","Adult","C.A. 31029",0,31.5,"S","1"
1074,"female",18,1,0,2752.13,"hatter","Adult","237736",0,30.0708,"C","1"
1075,"male",28,0,0,39.81,"wigmaker","Adult","7935",0,7.75,"Q","3"
1076,"female",27,1,1,2281.21,"dentist","Adult","PP 9549",1,16.7,"S","1"
1077,"male",40,0,0,1112.77,"bookbinder","Adult","239059",0,16,"S","2"
1078,"female",21,0,1,1724.87,"coachmaker","Adult","347072",0,13.9,"S","2"
1079,"male",17,2,0,214.24,"weaver","Adult","PC 17572",1,76.7292,"C","3"
1080,"female",28,8,2,96.02,"shoemaker","Adult","CA. 2343",0,69.55,"S","3"
1081,"male",40,0,0,1488.78,"hatter","Adult","28221",0,13,"S","2"
1082,"male",34,1,0,1377.25,"breechesmaker","Adult","28403",0,26,"S","2"
1083,"male",28,0,0,2967.54,"surgeon","Adult","111163",0,26,"S","1"
1084,"male",11.5,1,1,126.3,"blacksmith","Child","2651",1,11.2417,"C","3"
1085,"male",61,0,0,1532.46,"carpenter-joiner","Senior","235509",0,12.35,"Q","2"
1086,"male",8,0,2,754.71,"cutler","Child","SC/Paris 2123",1,41.5792,"C","2"
1087,"male",33,0,0,249.93,"shoemaker","Adult","347465",0,7.8542,"S","3"
1088,"male",6,0,2,3876.8,"pharmacist","Child","239853",0,0,"S","1"
1089,"female",18,0,0,356.78,"blacksmith","Adult","347066",1,7.775,"S","3"
1090,"male",23,0,0,1210.35,"coachmaker","Adult","C.A. 31030",0,10.5,"S","2"
1091,"female",28,0,0,333.27,"blacksmith","Adult","65305",1,8.1125,"S","3"
1092,"female",28,0,0,288.52,"shoemaker","Adult","36568",1,15.5,"Q","3"
1093,"male",0.33,0,2,392.27,"blacksmith","Child","LINE",0,0,"S","3"
1094,"male",47,1,0,2461.24,"hatter","Adult","2908",1,26,"S","1"
1095,"female",8,1,1,1141.17,"cutler","Child","19996",1,52,"S","2"
1096,"male",25,0,0,600.86,"carpenter-joiner","Adult","C.A. 34050",0,10.5,"S","2"
1097,"male",28,0,0,3684.62,"hatter","Adult","F.C. 12998",0,25.7417,"C","1"
1098,"female",35,0,0,349.79,"wigmaker","Adult","9232",1,7.75,"Q","3"
1099,"male",24,0,0,770.56,"breechesmaker","Adult","28034",0,10.5,"S","2"
1100,"female",33,0,0,3214.91,"surgeon","Adult","PC 17613",1,27.7208,"C","1"
1101,"male",25,0,0,209.82,"blacksmith","Adult","349250",0,7.8958,"S","3"
1102,"male",32,0,0,244.36,"wheelwright","Adult","C 4001",0,22.525,"S","3"
1103,"male",28,0,0,287.58,"wigmaker","Adult","SOTON/O.Q. 3101308",0,7.05,"S","3"
1104,"male",17,0,0,1824.24,"cutler","Adult","S.O.C. 14879",0,73.5,"S","2"
1105,"female",60,1,0,1554.07,"breechesmaker","Senior","113789",0,52,"S","2"
1106,"female",38,4,2,378.94,"wheelwright","Adult","CA 2144",0,46.9,"S","3"
1107,"male",42,0,0,2248.51,"dentist","Adult","113038",0,42.5,"S","1"
1108,"female",28,0,0,172.72,"blacksmith","Adult","330924",1,7.8792,"Q","3"
1109,"male",57,1,1,2434.92,"music teacher","Senior","2627",0,14.4583,"C","1"
1110,"female",50,1,1,4130.75,"goldsmith","Senior","2650",1,15.2458,"C","1"
1111,"male",28,0,0,289.43,"blacksmith","Adult","32302",0,8.05,"S","3"
1112,"female",30,1,0,1268.6,"coachmaker","Adult","F.C.C. 13528",1,21,"S","2"
1113,"male",21,0,0,395.29,"barber","Adult","342684",0,8.05,"S","3"
1114,"female",22,0,0,1161.29,"cabinetmaker","Adult","W./C. 14266",1,10.5,"S","2"
1115,"male",21,0,0,79.76,"wigmaker","Adult","350053",0,7.7958,"S","3"
1116,"female",53,0,0,2111,"music teacher","Senior","PC 17606",1,27.4458,"C","1"
1117,"female",28,0,2,296.6,"wigmaker","Adult","16966",0,134.5,"C","3"
1118,"male",23,0,0,41.83,"blacksmith","Adult","350054",0,7.7958,"S","3"
1119,"female",28,0,0,392.06,"blacksmith","Adult","370368",1,7.75,"Q","3"
1120,"male",40.5,0,0,257.3,"barber","Adult","C.A. 6212",0,15.1,"S","3"
1121,"male",36,0,0,1682.96,"shopkeeper","Adult","242963",0,13,"S","2"
1122,"male",14,0,0,632.39,"cutler","Adult","220845",0,65,"S","2"
1123,"female",21,0,0,4189.57,"apothecary","Adult","113795",1,26.55,"S","1"
1124,"male",21,1,0,395.48,"weaver","Adult","F.C. 12750",0,52,"S","3"
1125,"male",28,0,0,159.58,"weaver","Adult","330971",0,7.8792,"Q","3"
1126,"male",39,1,0,4163.11,"apothecary","Adult","A/5. 3336",0,16.1,"S","1"
1127,"male",20,0,0,4.03,"shoemaker","Adult","350416",0,7.8542,"S","3"
1128,"male",64,1,0,2847.63,"farrier","Senior","C.A. 33112",0,36.75,"S","1"
1129,"male",20,0,0,63.11,"wigmaker","Adult","2679",0,7.225,"C","3"
1130,"female",18,1,1,1849.73,"breechesmaker","Adult","113806",1,53.1,"S","2"
1131,"female",48,1,0,4552.58,"farrier","Adult","C.A. 6212",0,15.1,"S","1"
1132,"female",55,0,0,4355.94,"surgeon","Senior","112377",1,27.7208,"C","1"
1133,"female",45,0,2,1339.44,"breechesmaker","Adult","A/5. 851",0,14.5,"S","2"
1134,"male",45,1,1,4708.74,"farrier","Adult","239853",0,0,"S","1"
1135,"male",28,0,0,176.51,"weaver","Adult","3470",0,7.8875,"S","3"
1136,"male",28,1,2,321.4,"shoemaker","Adult","220845",1,65,"S","3"
1137,"male",41,1,0,4888.13,"dentist","Adult","13695",0,60,"S","1"
1138,"female",22,0,0,741.77,"coachmaker","Adult","F.C.C. 13534",1,21,"S","2"
1139,"male",42,1,1,737.97,"bookbinder","Adult","SC/Paris 2123",1,41.5792,"C","2"
1140,"female",29,1,0,1873.02,"silversmith","Adult","113773",0,53.1,"S","2"
1141,"female",28,1,0,181.13,"shoemaker","Adult","17421",0,110.8833,"C","3"
1142,"female",0.92,1,2,1571.75,"breechesmaker","Child","2662",0,21.6792,"C","2"
1143,"male",20,0,0,335.37,"wigmaker","Adult","SOTON/O2 3101284",0,7.925,"S","3"
1144,"male",27,1,0,2015.75,"farrier","Adult","371110",0,24.15,"Q","1"
1145,"male",24,0,0,385.28,"wigmaker","Adult","7266",0,9.325,"S","3"
1146,"male",32.5,0,0,144.16,"weaver","Adult","345775",0,9.5,"S","3"
1147,"male",28,0,0,183.14,"wheelwright","Adult","C.A. 42795",0,7.55,"S","3"
1148,"male",28,0,0,269.67,"wheelwright","Adult","AQ/4 3130",0,7.75,"Q","3"
1150,"female",19,0,0,1911.05,"coachmaker","Adult","28404",1,13,"S","2"
1151,"male",21,0,0,280.3,"blacksmith","Adult","345501",0,7.775,"S","3"
1152,"male",36.5,1,0,117.24,"wigmaker","Adult","PC 17569",0,146.5208,"C","3"
1153,"male",21,0,0,12.03,"blacksmith","Adult","350410",0,7.8542,"S","3"
1154,"female",29,0,2,567.91,"cabinetmaker","Adult","2625",1,8.5167,"C","2"
1155,"female",1,1,1,93.74,"wigmaker","Child","11813",1,76.2917,"C","3"
1156,"male",30,0,0,664.64,"bookbinder","Adult","C.A. 34644",0,12.7375,"C","2"
1157,"male",28,0,0,185.74,"wigmaker","Adult","349235",0,7.8958,"S","3"
1158,"male",28,0,0,3548.81,"hatter","Adult","112051",0,0,"S","1"
1159,"male",28,0,0,36.99,"wheelwright","Adult","C.A. 49867",0,7.55,"S","3"
1160,"female",28,0,0,145.98,"wigmaker","Adult","A. 2. 39186",1,8.05,"S","3"
1161,"male",17,0,0,41.11,"barber","Adult","315095",0,8.6625,"S","3"
1162,"male",46,0,0,3286.64,"farrier","Adult","13050",0,75.2417,"C","1"
1163,"male",28,0,0,339.52,"weaver","Adult","368573",0,7.75,"Q","3"
1164,"female",26,1,0,2539.77,"doctor","Adult","371110",0,24.15,"Q","1"
1165,"female",28,1,0,88.59,"wheelwright","Adult","19928",0,90,"Q","3"
1166,"male",28,0,0,188.15,"blacksmith","Adult","2676",0,7.225,"C","3"
1167,"female",20,1,0,1735.96,"cutler","Adult","347080",0,14.4,"S","2"
1168,"male",28,0,0,772.22,"cabinetmaker","Adult","SC 14888",0,10.5,"S","2"
1169,"male",40,1,0,510.63,"shopkeeper","Adult","PC 17485",1,56.9292,"C","2"
1170,"male",30,1,0,1391.15,"coachmaker","Adult","C.A. 31921",0,26.25,"S","2"
1171,"male",22,0,0,406.22,"carpenter-joiner","Adult","W./C. 14260",0,10.5,"S","3"
1172,"female",23,0,0,133.14,"weaver","Adult","315085",1,8.6625,"S","3"
1173,"male",0.75,1,1,144.12,"weaver","Child","19943",1,90,"S","3"
1174,"female",28,0,0,286.36,"wheelwright","Adult","364859",1,7.75,"Q","3"
1175,"female",9,1,1,177.01,"barber","Child","250644",1,19.5,"S","3"
1177,"male",36,0,0,227.58,"barber","Adult","A/5 21175",0,7.25,"S","3"
1178,"male",28,0,0,329.04,"barber","Adult","SOTON/O.Q. 3101314",0,7.25,"S","3"
1179,"male",24,1,0,4454.29,"pharmacist","Adult","370129",1,20.2125,"S","1"
1180,"male",28,0,0,217.12,"weaver","Adult","2655",0,7.2292,"C","3"
1181,"male",28,0,0,159,"weaver","Adult","A/5 1478",0,8.05,"S","3"
1182,"male",28,0,0,3626.71,"doctor","Adult","PC 17607",0,39.6,"S","1"
1184,"male",28,0,0,288.06,"blacksmith","Adult","2652",0,7.2292,"C","3"
1185,"male",53,1,1,2566.25,"doctor","Senior","PC 17757",1,227.525,"C","1"
1186,"male",36,0,0,227.83,"shoemaker","Adult","345771",0,9.5,"S","3"
1187,"male",26,0,0,289.02,"weaver","Adult","349202",0,7.8958,"S","3"
1188,"female",1,1,2,1148.92,"hatter","Child","26360",1,26,"S","2"
1189,"male",28,2,0,251.89,"shoemaker","Adult","230433",1,26,"S","3"
1190,"male",30,0,0,3685.81,"farrier","Adult","113801",0,45.5,"S","1"
1191,"male",29,0,0,75.59,"wigmaker","Adult","347467",0,7.8542,"S","3"
1192,"male",32,0,0,212.3,"barber","Adult","347079",0,7.775,"S","3"
1193,"male",28,0,0,686.13,"cutler","Adult","237735",0,15.0458,"C","2"
1194,"male",43,0,1,897.68,"hatter","Adult","347072",0,13.9,"S","2"
1195,"male",24,0,0,368.67,"wigmaker","Adult","315092",0,8.6625,"S","3"
1196,"female",28,0,0,3.26,"barber","Adult","383123",1,7.75,"Q","3"
1197,"female",64,1,1,4188.04,"surgeon","Senior","C.A. 37671",1,15.9,"S","1"
1198,"male",30,1,2,3138.3,"doctor","Adult","347077",0,31.3875,"S","1"
1199,"male",0.83,0,1,43.66,"barber","Child","2680",0,14.4542,"C","3"
1200,"male",55,1,1,2767.79,"music teacher","Senior","113781",0,151.55,"S","1"
1201,"female",45,1,0,355.51,"blacksmith","Adult","PC 17758",1,108.9,"C","3"
1202,"male",18,0,0,332.24,"wheelwright","Adult","315091",0,8.6625,"S","3"
1203,"male",22,0,0,156.64,"barber","Adult","2658",0,7.225,"C","3"
1204,"male",28,0,0,289.34,"wigmaker","Adult","LP 1588",0,7.575,"S","3"
1205,"female",37,0,0,213.09,"shoemaker","Adult","368364",1,7.75,"Q","3"
1206,"female",55,0,0,2817.21,"apothecary","Senior","PC 17760",1,135.6333,"C","1"
1207,"female",17,0,0,197.94,"wheelwright","Adult","AQ/3. 30631",1,7.7333,"Q","3"
1208,"male",57,1,0,2436.6,"surgeon","Senior","370365",0,15.5,"Q","1"
1209,"male",19,0,0,1940.82,"hatter","Adult","28004",0,10.5,"S","2"
1211,"male",22,2,0,1126.56,"bookbinder","Adult","11753",1,52.5542,"S","2"
1212,"male",26,0,0,174.25,"wigmaker","Adult","347075",0,7.775,"S","3"
1213,"male",25,0,0,267.05,"barber","Adult","2654",0,7.2292,"C","3"
1214,"male",26,0,0,503.11,"carpenter-joiner","Adult","244368",0,13,"S","2"
1215,"male",33,0,0,2209.06,"hatter","Adult","113790",0,26.55,"S","1"
1216,"female",39,0,0,2077.87,"dentist","Adult","24160",1,211.3375,"S","1"
1218,"female",12,2,1,1827.1,"coachmaker","Adult","PC 17755",1,512.3292,"C","2"
1219,"male",46,0,0,3914.52,"dentist","Adult","PC 17585",0,79.2,"C","1"
1220,"male",29,1,0,1882.12,"cabinetmaker","Adult","392096",1,12.475,"S","2"
1221,"male",21,0,0,1081.74,"carpenter-joiner","Adult","236854",0,13,"S","2"
1222,"female",48,0,2,541.24,"silversmith","Adult","PC 17572",1,76.7292,"C","2"
1224,"male",28,0,0,92.26,"shoemaker","Adult","2684",0,7.225,"C","3"
1225,"female",19,1,1,331.4,"shoemaker","Adult","17453",1,89.1042,"C","3"
1227,"male",30,0,0,2912.51,"surgeon","Adult","110469",0,26,"S","1"
1228,"male",32,0,0,1965.96,"shopkeeper","Adult","244360",0,13,"S","2"
1229,"male",39,0,2,378.92,"blacksmith","Adult","W./C. 6607",0,23.45,"S","3"
1230,"male",25,0,0,870.31,"cutler","Adult","C.A. 31029",0,31.5,"S","2"
1231,"male",28,0,0,382.56,"blacksmith","Adult","2622",0,7.2292,"C","3"
1232,"male",18,0,0,1087.36,"bookbinder","Adult","C.A. 15185",0,10.5,"S","2"
1233,"male",32,0,0,178.48,"weaver","Adult","350403",0,7.5792,"S","3"
1234,"male",28,1,9,317.98,"weaver","Adult","CA. 2343",0,69.55,"S","3"
1235,"female",58,0,1,2513.56,"hatter","Senior","35281",0,77.2875,"S","1"
1236,"male",28,1,1,241.28,"blacksmith","Adult","2651",1,11.2417,"C","3"
1237,"female",16,0,0,23.66,"wheelwright","Adult","348125",1,7.65,"S","3"
1238,"male",26,0,0,1866.98,"breechesmaker","Adult","237670",0,13,"S","2"
1239,"female",38,0,0,331.58,"weaver","Adult","2688",1,7.2292,"C","3"
1240,"male",24,0,0,1447.91,"carpenter-joiner","Adult","248726",0,13.5,"S","2"
1241,"female",31,0,0,1325.31,"breechesmaker","Adult","F.C.C. 13528",1,21,"S","2"
1242,"female",45,0,1,3854.58,"doctor","Adult","PC 17611",1,133.65,"S","1"
1244,"male",18,0,0,1209.26,"cutler","Adult","S.O.C. 14879",0,73.5,"S","2"
1245,"male",49,1,2,1265.94,"coachmaker","Adult","13502",1,77.9583,"S","2"
1246,"female",0.17,1,2,62.63,"wigmaker","Child","113781",1,151.55,"S","3"
1248,"female",59,2,0,2052.48,"dentist","Senior","36928",1,164.8667,"S","1"
1249,"male",28,0,0,333.09,"shoemaker","Adult","1222",0,7.8792,"S","3"
1250,"male",28,0,0,58.65,"blacksmith","Adult","368402",0,7.75,"Q","3"
1251,"female",30,1,0,174.4,"blacksmith","Adult","2003",0,26,"S","3"
1252,"male",14.5,8,2,366.89,"blacksmith","Adult","CA. 2343",0,69.55,"S","3"
1253,"female",24,1,1,1588.57,"carpenter-joiner","Adult","12749",0,93.5,"S","2"
1254,"female",31,0,0,517.63,"hatter","Adult","CA 31352",1,21,"S","2"
1255,"male",27,0,0,386.82,"shoemaker","Adult","315083",0,8.6625,"S","3"
1256,"female",25,1,0,3105.54,"hatter","Adult","PC 17760",1,135.6333,"C","1"
1257,"female",28,1,9,78.04,"blacksmith","Adult","CA. 2343",0,69.55,"S","3"
1258,"male",28,1,0,50.07,"blacksmith","Adult","35273",1,113.275,"C","3"
1259,"female",22,0,0,273.03,"wigmaker","Adult","3101295",1,39.6875,"S","3"
1260,"female",45,0,1,2323.01,"hatter","Adult","PC 17592",1,39.4,"S","1"
1261,"male",29,0,0,1035.94,"silversmith","Adult","SC/PARIS 2147",0,13.8583,"C","2"
1262,"male",21,1,0,1353.92,"hatter","Adult","PC 17593",0,79.2,"C","2"
1263,"female",31,0,0,2604.05,"farrier","Adult","16966",1,134.5,"C","1"
1264,"male",49,0,0,4782.35,"farrier","Adult","112058",0,0,"S","1"
1265,"male",44,0,0,446.49,"hatter","Adult","248746",0,13,"S","3"
1266,"female",54,1,1,2899.86,"farrier","Senior","PC 17757",1,227.525,"C","1"
1267,"female",45,0,0,2708.06,"hatter","Adult","PC 17608",1,262.375,"C","1"
1268,"female",22,2,0,343.37,"blacksmith","Adult","11767",1,83.1583,"C","3"
1269,"male",21,0,0,1061.88,"carpenter-joiner","Adult","29107",0,11.5,"S","2"
1270,"male",55,0,0,2464.03,"surgeon","Senior","680",0,50,"S","1"
1271,"male",5,4,2,250.69,"shoemaker","Child","S.O.C. 14879",0,73.5,"S","3"
1272,"male",28,0,0,319.09,"blacksmith","Adult","366713",0,7.75,"Q","3"
1273,"male",26,0,0,90.19,"barber","Adult","330910",0,7.8792,"Q","3"
1274,"female",28,0,0,338.89,"weaver","Adult","364498",1,14.5,"S","3"
1275,"female",19,1,0,298.62,"barber","Adult","24065",0,26,"S","3"
1276,"male",28,0,0,1234.55,"coachmaker","Adult","SC/PARIS 2159",0,12.875,"S","2"
1277,"female",24,1,2,409.56,"carpenter-joiner","Adult","13502",1,77.9583,"S","3"
1278,"male",24,0,0,165.35,"barber","Adult","349911",0,7.775,"S","3"
1279,"male",57,0,0,1805.65,"shopkeeper","Senior","244346",0,13,"S","2"
1280,"male",21,0,0,219.61,"wheelwright","Adult","364858",0,7.75,"Q","3"
1281,"male",6,3,1,282.18,"shoemaker","Child","24160",1,211.3375,"S","3"
1282,"male",23,0,0,4763.19,"dentist","Adult","12749",0,93.5,"S","1"
1283,"female",51,0,1,3952.65,"apothecary","Senior","226875",0,26,"S","1"
1284,"male",13,0,2,184.31,"barber","Adult","2678",0,15.2458,"C","3"
1285,"male",47,0,0,1880.99,"hatter","Adult","C.A. 30769",0,10.5,"S","2"
1286,"male",29,3,1,106.88,"weaver","Adult","19950",1,263,"S","3"
1287,"female",18,1,0,3334.33,"apothecary","Adult","36973",0,83.475,"S","1"
1288,"male",24,0,0,46.08,"barber","Adult","371109",0,7.25,"Q","3"
1289,"female",48,1,1,3163.91,"goldsmith","Adult","111361",1,57.9792,"C","1"
1290,"male",22,0,0,75.26,"wheelwright","Adult","347065",0,7.775,"S","3"
1291,"male",31,0,0,79.95,"shoemaker","Adult","21332",0,7.7333,"Q","3"
1292,"female",30,0,0,4292.69,"hatter","Adult","36928",1,164.8667,"S","1"
1293,"male",38,1,0,599.27,"silversmith","Adult","PC 17582",1,153.4625,"S","2"
1294,"female",22,0,1,4273.47,"music teacher","Adult","PC 17592",1,39.4,"S","1"
1295,"male",17,0,0,2323.71,"goldsmith","Adult","113059",0,47.1,"S","1"
1296,"male",43,1,0,3282.83,"apothecary","Adult","PC 17558",1,247.5208,"C","1"
1297,"male",20,0,0,1727.73,"hatter","Adult","SC/PARIS 2166",0,13.8625,"C","2"
1298,"male",23,1,0,1386.79,"shopkeeper","Adult","C.A. 31921",0,26.25,"S","2"
1299,"male",50,1,1,3772.28,"music teacher","Senior","2650",1,15.2458,"C","1"
1300,"female",28,0,0,126.54,"weaver","Adult","334915",1,7.7208,"Q","3"
1301,"female",3,1,1,233.93,"weaver","Child","19943",1,90,"S","3"
1302,"female",28,0,0,65.05,"weaver","Adult","365237",1,7.75,"Q","3"
1303,"female",37,1,0,2323.9,"goldsmith","Adult","248738",0,29,"S","1"
1304,"female",28,0,0,309.81,"blacksmith","Adult","347086",1,7.775,"S","3"
1305,"male",28,0,0,8.32,"wheelwright","Adult","A.5. 3236",0,8.05,"S","3"
1306,"female",39,0,0,4411.91,"dentist","Adult","PC 17758",1,108.9,"C","1"
1307,"male",38.5,0,0,163.65,"barber","Adult","SOTON/O.Q. 3101262",0,7.25,"S","3"
1308,"male",28,0,0,353.22,"blacksmith","Adult","359309",0,8.05,"S","3"
1309,"male",28,1,1,92.2,"weaver","Adult","19950",0,263,"S","3"
